id,value,type
allPopulation.-2000,1,-2000
allPopulation.-1000,1,-1000
allPopulation.-1000,1,-1000
allPopulation.-500,1,-500
allPopulation.-500,1,-500
allPopulation.-500,1,-500
allPopulation.-500,1,-500
allPopulation.-500,1,-500
allPopulation.1,1,1
allPopulation.1,1,1
allPopulation.1,1,1
allPopulation.1,1,1
allPopulation.1,1,1
allPopulation.1,1,1
allPopulation.1,1,1
allPopulation.1,1,1
allPopulation.1,1,1
allPopulation.1,1,1
allPopulation.1000,1,1000
allPopulation.1000,1,1000
allPopulation.1000,1,1000
allPopulation.1000,1,1000
allPopulation.1000,1,1000
allPopulation.1000,1,1000
allPopulation.1000,1,1000
allPopulation.1000,1,1000
allPopulation.1000,1,1000
allPopulation.1000,1,1000
allPopulation.1000,1,1000
allPopulation.1000,1,1000
allPopulation.1000,1,1000
allPopulation.1000,1,1000
allPopulation.1000,1,1000
allPopulation.1000,1,1000
allPopulation.1000,1,1000
allPopulation.1000,1,1000
allPopulation.1000,1,1000
allPopulation.1000,1,1000
allPopulation.1500,1,1500
allPopulation.1500,1,1500
allPopulation.1500,1,1500
allPopulation.1500,1,1500
allPopulation.1500,1,1500
allPopulation.1600,1,1600
allPopulation.1600,1,1600
allPopulation.1600,1,1600
allPopulation.1600,1,1600
allPopulation.1600,1,1600
allPopulation.1600,1,1600
allPopulation.1600,1,1600
allPopulation.1600,1,1600
allPopulation.1600,1,1600
allPopulation.1600,1,1600
allPopulation.1600,1,1600
allPopulation.1600,1,1600
allPopulation.1700,1,1700
allPopulation.1700,1,1700
allPopulation.1700,1,1700
allPopulation.1700,1,1700
allPopulation.1700,1,1700
allPopulation.1700,1,1700
allPopulation.1700,1,1700
allPopulation.1700,1,1700
allPopulation.1700,1,1700
allPopulation.1700,1,1700
allPopulation.1750,1,1750
allPopulation.1750,1,1750
allPopulation.1750,1,1750
allPopulation.1750,1,1750
allPopulation.1750,1,1750
allPopulation.1750,1,1750
allPopulation.1750,1,1750
allPopulation.1750,1,1750
allPopulation.1750,1,1750
allPopulation.1750,1,1750
allPopulation.1800,1,1800
allPopulation.1800,1,1800
allPopulation.1800,1,1800
allPopulation.1800,1,1800
allPopulation.1800,1,1800
allPopulation.1800,1,1800
allPopulation.1800,1,1800
allPopulation.1800,1,1800
allPopulation.1800,1,1800
allPopulation.1800,1,1800
allPopulation.1800,1,1800
allPopulation.1800,1,1800
allPopulation.1800,1,1800
allPopulation.1800,1,1800
allPopulation.1800,1,1800
allPopulation.1800,1,1800
allPopulation.1800,1,1800
allPopulation.1800,1,1800
allPopulation.1800,1,1800
allPopulation.1800,1,1800
allPopulation.1850,1,1850
allPopulation.1850,1,1850
allPopulation.1850,1,1850
allPopulation.1850,1,1850
allPopulation.1850,1,1850
allPopulation.1850,1,1850
allPopulation.1850,1,1850
allPopulation.1850,1,1850
allPopulation.1850,1,1850
allPopulation.1850,1,1850
allPopulation.1850,1,1850
allPopulation.1850,1,1850
allPopulation.1850,1,1850
allPopulation.1850,1,1850
allPopulation.1850,1,1850
allPopulation.1850,1,1850
allPopulation.1850,1,1850
allPopulation.1850,1,1850
allPopulation.1850,1,1850
allPopulation.1850,1,1850
allPopulation.1850,1,1850
allPopulation.1850,1,1850
allPopulation.1850,1,1850
allPopulation.1850,1,1850
allPopulation.1850,1,1850
allPopulation.1850,1,1850
allPopulation.1900,1,1900
allPopulation.1900,1,1900
allPopulation.1900,1,1900
allPopulation.1900,1,1900
allPopulation.1900,1,1900
allPopulation.1900,1,1900
allPopulation.1900,1,1900
allPopulation.1900,1,1900
allPopulation.1900,1,1900
allPopulation.1900,1,1900
allPopulation.1900,1,1900
allPopulation.1900,1,1900
allPopulation.1900,1,1900
allPopulation.1900,1,1900
allPopulation.1900,1,1900
allPopulation.1900,1,1900
allPopulation.1900,1,1900
allPopulation.1900,1,1900
allPopulation.1900,1,1900
allPopulation.1900,1,1900
allPopulation.1900,1,1900
allPopulation.1900,1,1900
allPopulation.1900,1,1900
allPopulation.1900,1,1900
allPopulation.1900,1,1900
allPopulation.1900,1,1900
allPopulation.1900,1,1900
allPopulation.1900,1,1900
allPopulation.1900,1,1900
allPopulation.1900,1,1900
allPopulation.1900,1,1900
allPopulation.1900,1,1900
allPopulation.1900,1,1900
allPopulation.1900,1,1900
allPopulation.1900,1,1900
allPopulation.1900,1,1900
allPopulation.1900,1,1900
allPopulation.1900,1,1900
allPopulation.1950,1,1950
allPopulation.1950,1,1950
allPopulation.1950,1,1950
allPopulation.1950,1,1950
allPopulation.1950,1,1950
allPopulation.1950,1,1950
allPopulation.1950,1,1950
allPopulation.1950,1,1950
allPopulation.1950,1,1950
allPopulation.1950,1,1950
allPopulation.1950,1,1950
allPopulation.1950,1,1950
allPopulation.1950,1,1950
allPopulation.1950,1,1950
allPopulation.1950,1,1950
allPopulation.1950,1,1950
allPopulation.1950,1,1950
allPopulation.1950,1,1950
allPopulation.1950,1,1950
allPopulation.1950,1,1950
allPopulation.1950,1,1950
allPopulation.1950,1,1950
allPopulation.1950,1,1950
allPopulation.1950,1,1950
allPopulation.1950,1,1950
allPopulation.1950,1,1950
allPopulation.1950,1,1950
allPopulation.1950,1,1950
allPopulation.1950,1,1950
allPopulation.1950,1,1950
allPopulation.1950,1,1950
allPopulation.1950,1,1950
allPopulation.1950,1,1950
allPopulation.1950,1,1950
allPopulation.1950,1,1950
allPopulation.1950,1,1950
allPopulation.1950,1,1950
allPopulation.1950,1,1950
allPopulation.1950,1,1950
allPopulation.1950,1,1950
allPopulation.1950,1,1950
allPopulation.1950,1,1950
allPopulation.1950,1,1950
allPopulation.1950,1,1950
allPopulation.1950,1,1950
allPopulation.1950,1,1950
allPopulation.1950,1,1950
allPopulation.1950,1,1950
allPopulation.1950,1,1950
allPopulation.1950,1,1950
allPopulation.1950,1,1950
allPopulation.1950,1,1950
allPopulation.1950,1,1950
allPopulation.1950,1,1950
allPopulation.1950,1,1950
allPopulation.1950,1,1950
allPopulation.1950,1,1950
allPopulation.1950,1,1950
allPopulation.1950,1,1950
allPopulation.1950,1,1950
allPopulation.1950,1,1950
allPopulation.1950,1,1950
allPopulation.1950,1,1950
allPopulation.1950,1,1950
allPopulation.1950,1,1950
allPopulation.1950,1,1950
allPopulation.1950,1,1950
allPopulation.1950,1,1950
allPopulation.1950,1,1950
allPopulation.1950,1,1950
allPopulation.1950,1,1950
allPopulation.1950,1,1950
allPopulation.1950,1,1950
allPopulation.1950,1,1950
allPopulation.1950,1,1950
allPopulation.1950,1,1950
allPopulation.1950,1,1950
allPopulation.1950,1,1950
allPopulation.1950,1,1950
allPopulation.1950,1,1950
allPopulation.1950,1,1950
allPopulation.1950,1,1950
allPopulation.1950,1,1950
allPopulation.1950,1,1950
allPopulation.1950,1,1950
allPopulation.1950,1,1950
allPopulation.1950,1,1950
allPopulation.1955,1,1955
allPopulation.1955,1,1955
allPopulation.1955,1,1955
allPopulation.1955,1,1955
allPopulation.1955,1,1955
allPopulation.1955,1,1955
allPopulation.1955,1,1955
allPopulation.1955,1,1955
allPopulation.1955,1,1955
allPopulation.1955,1,1955
allPopulation.1955,1,1955
allPopulation.1955,1,1955
allPopulation.1955,1,1955
allPopulation.1955,1,1955
allPopulation.1955,1,1955
allPopulation.1955,1,1955
allPopulation.1955,1,1955
allPopulation.1955,1,1955
allPopulation.1955,1,1955
allPopulation.1955,1,1955
allPopulation.1955,1,1955
allPopulation.1955,1,1955
allPopulation.1955,1,1955
allPopulation.1960,1,1960
allPopulation.1960,1,1960
allPopulation.1960,1,1960
allPopulation.1960,1,1960
allPopulation.1960,1,1960
allPopulation.1960,1,1960
allPopulation.1960,1,1960
allPopulation.1960,1,1960
allPopulation.1960,1,1960
allPopulation.1960,1,1960
allPopulation.1960,1,1960
allPopulation.1960,1,1960
allPopulation.1960,1,1960
allPopulation.1960,1,1960
allPopulation.1960,1,1960
allPopulation.1960,1,1960
allPopulation.1960,1,1960
allPopulation.1960,1,1960
allPopulation.1960,1,1960
allPopulation.1960,1,1960
allPopulation.1960,1,1960
allPopulation.1960,1,1960
allPopulation.1960,1,1960
allPopulation.1960,1,1960
allPopulation.1960,1,1960
allPopulation.1960,1,1960
allPopulation.1965,1,1965
allPopulation.1965,1,1965
allPopulation.1965,1,1965
allPopulation.1965,1,1965
allPopulation.1965,1,1965
allPopulation.1965,1,1965
allPopulation.1965,1,1965
allPopulation.1965,1,1965
allPopulation.1965,1,1965
allPopulation.1965,1,1965
allPopulation.1965,1,1965
allPopulation.1965,1,1965
allPopulation.1965,1,1965
allPopulation.1965,1,1965
allPopulation.1965,1,1965
allPopulation.1965,1,1965
allPopulation.1965,1,1965
allPopulation.1965,1,1965
allPopulation.1965,1,1965
allPopulation.1965,1,1965
allPopulation.1965,1,1965
allPopulation.1965,1,1965
allPopulation.1965,1,1965
allPopulation.1965,1,1965
allPopulation.1965,1,1965
allPopulation.1965,1,1965
allPopulation.1965,1,1965
allPopulation.1965,1,1965
allPopulation.1965,1,1965
allPopulation.1965,1,1965
allPopulation.1970,1,1970
allPopulation.1970,1,1970
allPopulation.1970,1,1970
allPopulation.1970,1,1970
allPopulation.1970,1,1970
allPopulation.1970,1,1970
allPopulation.1970,1,1970
allPopulation.1970,1,1970
allPopulation.1970,1,1970
allPopulation.1970,1,1970
allPopulation.1970,1,1970
allPopulation.1970,1,1970
allPopulation.1970,1,1970
allPopulation.1970,1,1970
allPopulation.1970,1,1970
allPopulation.1970,1,1970
allPopulation.1970,1,1970
allPopulation.1970,1,1970
allPopulation.1970,1,1970
allPopulation.1970,1,1970
allPopulation.1970,1,1970
allPopulation.1970,1,1970
allPopulation.1970,1,1970
allPopulation.1970,1,1970
allPopulation.1970,1,1970
allPopulation.1970,1,1970
allPopulation.1970,1,1970
allPopulation.1970,1,1970
allPopulation.1970,1,1970
allPopulation.1970,1,1970
allPopulation.1970,1,1970
allPopulation.1970,1,1970
allPopulation.1970,1,1970
allPopulation.1970,1,1970
allPopulation.1970,1,1970
allPopulation.1970,1,1970
allPopulation.1975,1,1975
allPopulation.1975,1,1975
allPopulation.1975,1,1975
allPopulation.1975,1,1975
allPopulation.1975,1,1975
allPopulation.1975,1,1975
allPopulation.1975,1,1975
allPopulation.1975,1,1975
allPopulation.1975,1,1975
allPopulation.1975,1,1975
allPopulation.1975,1,1975
allPopulation.1975,1,1975
allPopulation.1975,1,1975
allPopulation.1975,1,1975
allPopulation.1975,1,1975
allPopulation.1975,1,1975
allPopulation.1975,1,1975
allPopulation.1975,1,1975
allPopulation.1975,1,1975
allPopulation.1975,1,1975
allPopulation.1975,1,1975
allPopulation.1975,1,1975
allPopulation.1975,1,1975
allPopulation.1975,1,1975
allPopulation.1975,1,1975
allPopulation.1975,1,1975
allPopulation.1975,1,1975
allPopulation.1975,1,1975
allPopulation.1975,1,1975
allPopulation.1975,1,1975
allPopulation.1975,1,1975
allPopulation.1975,1,1975
allPopulation.1975,1,1975
allPopulation.1975,1,1975
allPopulation.1975,1,1975
allPopulation.1975,1,1975
allPopulation.1975,1,1975
allPopulation.1980,1,1980
allPopulation.1980,1,1980
allPopulation.1980,1,1980
allPopulation.1980,1,1980
allPopulation.1980,1,1980
allPopulation.1980,1,1980
allPopulation.1980,1,1980
allPopulation.1980,1,1980
allPopulation.1980,1,1980
allPopulation.1980,1,1980
allPopulation.1980,1,1980
allPopulation.1980,1,1980
allPopulation.1980,1,1980
allPopulation.1980,1,1980
allPopulation.1980,1,1980
allPopulation.1980,1,1980
allPopulation.1980,1,1980
allPopulation.1980,1,1980
allPopulation.1980,1,1980
allPopulation.1980,1,1980
allPopulation.1980,1,1980
allPopulation.1980,1,1980
allPopulation.1980,1,1980
allPopulation.1980,1,1980
allPopulation.1980,1,1980
allPopulation.1980,1,1980
allPopulation.1980,1,1980
allPopulation.1980,1,1980
allPopulation.1980,1,1980
allPopulation.1980,1,1980
allPopulation.1980,1,1980
allPopulation.1980,1,1980
allPopulation.1980,1,1980
allPopulation.1980,1,1980
allPopulation.1980,1,1980
allPopulation.1980,1,1980
allPopulation.1980,1,1980
allPopulation.1985,1,1985
allPopulation.1985,1,1985
allPopulation.1985,1,1985
allPopulation.1985,1,1985
allPopulation.1985,1,1985
allPopulation.1985,1,1985
allPopulation.1985,1,1985
allPopulation.1985,1,1985
allPopulation.1985,1,1985
allPopulation.1985,1,1985
allPopulation.1985,1,1985
allPopulation.1985,1,1985
allPopulation.1985,1,1985
allPopulation.1985,1,1985
allPopulation.1985,1,1985
allPopulation.1985,1,1985
allPopulation.1985,1,1985
allPopulation.1985,1,1985
allPopulation.1985,1,1985
allPopulation.1985,1,1985
allPopulation.1985,1,1985
allPopulation.1985,1,1985
allPopulation.1985,1,1985
allPopulation.1985,1,1985
allPopulation.1985,1,1985
allPopulation.1985,1,1985
allPopulation.1985,1,1985
allPopulation.1985,1,1985
allPopulation.1985,1,1985
allPopulation.1985,1,1985
allPopulation.1985,1,1985
allPopulation.1985,1,1985
allPopulation.1985,1,1985
allPopulation.1985,1,1985
allPopulation.1985,1,1985
allPopulation.1985,1,1985
allPopulation.1985,1,1985
allPopulation.1985,1,1985
allPopulation.1985,1,1985
allPopulation.1985,1,1985
allPopulation.1985,1,1985
allPopulation.1990,1,1990
allPopulation.1990,1,1990
allPopulation.1990,1,1990
allPopulation.1990,1,1990
allPopulation.1990,1,1990
allPopulation.1990,1,1990
allPopulation.1990,1,1990
allPopulation.1990,1,1990
allPopulation.1990,1,1990
allPopulation.1990,1,1990
allPopulation.1990,1,1990
allPopulation.1990,1,1990
allPopulation.1990,1,1990
allPopulation.1990,1,1990
allPopulation.1990,1,1990
allPopulation.1990,1,1990
allPopulation.1990,1,1990
allPopulation.1990,1,1990
allPopulation.1990,1,1990
allPopulation.1990,1,1990
allPopulation.1990,1,1990
allPopulation.1990,1,1990
allPopulation.1990,1,1990
allPopulation.1990,1,1990
allPopulation.1990,1,1990
allPopulation.1990,1,1990
allPopulation.1990,1,1990
allPopulation.1990,1,1990
allPopulation.1990,1,1990
allPopulation.1990,1,1990
allPopulation.1990,1,1990
allPopulation.1990,1,1990
allPopulation.1990,1,1990
allPopulation.1990,1,1990
allPopulation.1990,1,1990
allPopulation.1990,1,1990
allPopulation.1990,1,1990
allPopulation.1990,1,1990
allPopulation.1990,1,1990
allPopulation.1990,1,1990
allPopulation.1990,1,1990
allPopulation.1990,1,1990
allPopulation.1990,1,1990
allPopulation.1990,1,1990
allPopulation.1990,1,1990
allPopulation.1995,1,1995
allPopulation.1995,1,1995
allPopulation.1995,1,1995
allPopulation.1995,1,1995
allPopulation.1995,1,1995
allPopulation.1995,1,1995
allPopulation.1995,1,1995
allPopulation.1995,1,1995
allPopulation.1995,1,1995
allPopulation.1995,1,1995
allPopulation.1995,1,1995
allPopulation.1995,1,1995
allPopulation.1995,1,1995
allPopulation.1995,1,1995
allPopulation.1995,1,1995
allPopulation.1995,1,1995
allPopulation.1995,1,1995
allPopulation.1995,1,1995
allPopulation.1995,1,1995
allPopulation.1995,1,1995
allPopulation.1995,1,1995
allPopulation.1995,1,1995
allPopulation.1995,1,1995
allPopulation.1995,1,1995
allPopulation.1995,1,1995
allPopulation.1995,1,1995
allPopulation.1995,1,1995
allPopulation.1995,1,1995
allPopulation.1995,1,1995
allPopulation.1995,1,1995
allPopulation.1995,1,1995
allPopulation.1995,1,1995
allPopulation.1995,1,1995
allPopulation.1995,1,1995
allPopulation.1995,1,1995
allPopulation.1995,1,1995
allPopulation.1995,1,1995
allPopulation.1995,1,1995
allPopulation.1995,1,1995
allPopulation.1995,1,1995
allPopulation.1995,1,1995
allPopulation.1995,1,1995
allPopulation.2000,1,2000
allPopulation.2000,1,2000
allPopulation.2000,1,2000
allPopulation.2000,1,2000
allPopulation.2000,1,2000
allPopulation.2000,1,2000
allPopulation.2000,1,2000
allPopulation.2000,1,2000
allPopulation.2000,1,2000
allPopulation.2000,1,2000
allPopulation.2000,1,2000
allPopulation.2000,1,2000
allPopulation.2000,1,2000
allPopulation.2000,1,2000
allPopulation.2000,1,2000
allPopulation.2000,1,2000
allPopulation.2000,1,2000
allPopulation.2000,1,2000
allPopulation.2000,1,2000
allPopulation.2000,1,2000
allPopulation.2000,1,2000
allPopulation.2000,1,2000
allPopulation.2000,1,2000
allPopulation.2000,1,2000
allPopulation.2000,1,2000
allPopulation.2000,1,2000
allPopulation.2000,1,2000
allPopulation.2000,1,2000
allPopulation.2000,1,2000
allPopulation.2000,1,2000
allPopulation.2000,1,2000
allPopulation.2000,1,2000
allPopulation.2000,1,2000
allPopulation.2000,1,2000
allPopulation.2000,1,2000
allPopulation.2000,1,2000
allPopulation.2000,1,2000
allPopulation.2000,1,2000
allPopulation.2000,1,2000
allPopulation.2005,1,2005
allPopulation.2005,1,2005
allPopulation.2005,1,2005
allPopulation.2005,1,2005
allPopulation.2005,1,2005
allPopulation.2005,1,2005
allPopulation.2005,1,2005
allPopulation.2005,1,2005
allPopulation.2005,1,2005
allPopulation.2005,1,2005
allPopulation.2005,1,2005
allPopulation.2005,1,2005
allPopulation.2005,1,2005
allPopulation.2005,1,2005
allPopulation.2005,1,2005
allPopulation.2005,1,2005
allPopulation.2005,1,2005
allPopulation.2005,1,2005
allPopulation.2005,1,2005
allPopulation.2005,1,2005
allPopulation.2005,1,2005
allPopulation.2005,1,2005
allPopulation.2005,1,2005
allPopulation.2005,1,2005
allPopulation.2005,1,2005
allPopulation.2005,1,2005
allPopulation.2005,1,2005
allPopulation.2005,1,2005
allPopulation.2005,1,2005
allPopulation.2005,1,2005
allPopulation.2005,1,2005
allPopulation.2005,1,2005
allPopulation.2005,1,2005
allPopulation.2005,1,2005
allPopulation.2005,1,2005
allPopulation.2005,1,2005
allPopulation.2005,1,2005
allPopulation.2005,1,2005
allPopulation.2005,1,2005
allPopulation.2010,1,2010
allPopulation.2010,1,2010
allPopulation.2010,1,2010
allPopulation.2010,1,2010
allPopulation.2010,1,2010
allPopulation.2010,1,2010
allPopulation.2010,1,2010
allPopulation.2010,1,2010
allPopulation.2010,1,2010
allPopulation.2010,1,2010
allPopulation.2010,1,2010
allPopulation.2010,1,2010
allPopulation.2010,1,2010
allPopulation.2010,1,2010
allPopulation.2010,1,2010
allPopulation.2010,1,2010
allPopulation.2010,1,2010
allPopulation.2010,1,2010
allPopulation.2010,1,2010
allPopulation.2010,1,2010
allPopulation.2010,1,2010
allPopulation.2010,1,2010
allPopulation.2010,1,2010
allPopulation.2010,1,2010
allPopulation.2010,1,2010
allPopulation.2010,1,2010
allPopulation.2010,1,2010
allPopulation.2010,1,2010
allPopulation.2010,1,2010
allPopulation.2010,1,2010
allPopulation.2010,1,2010
allPopulation.2010,1,2010
allPopulation.2010,1,2010
allPopulation.2010,1,2010
allPopulation.2010,1,2010
allPopulation.2010,1,2010
allPopulation.2010,1,2010
allPopulation.2010,1,2010
allPopulation.2010,1,2010
allPopulation.2010,1,2010
allPopulation.2010,1,2010
allPopulation.2015,1,2015
allPopulation.2015,1,2015
allPopulation.2015,1,2015
allPopulation.2015,1,2015
allPopulation.2015,1,2015
allPopulation.2015,1,2015
allPopulation.2015,1,2015
allPopulation.2015,1,2015
allPopulation.2015,1,2015
allPopulation.2015,1,2015
allPopulation.2015,1,2015
allPopulation.2015,1,2015
allPopulation.2015,1,2015
allPopulation.2015,1,2015
allPopulation.2015,1,2015
allPopulation.2015,1,2015
allPopulation.2015,1,2015
allPopulation.2015,1,2015
allPopulation.2015,1,2015
allPopulation.2015,1,2015
allPopulation.2015,1,2015
allPopulation.2015,1,2015
allPopulation.2015,1,2015
allPopulation.2015,1,2015
allPopulation.2015,1,2015
allPopulation.2015,1,2015
allPopulation.2015,1,2015
allPopulation.2015,1,2015
allPopulation.2015,1,2015
allPopulation.2015,1,2015
allPopulation.2015,1,2015
allPopulation.2015,1,2015
allPopulation.2015,1,2015
allPopulation.2015,1,2015
allPopulation.2015,1,2015
allPopulation.2015,1,2015
allPopulation.2015,1,2015
allPopulation.2015,1,2015
allPopulation.2015,1,2015
allPopulation.2015,1,2015
allPopulation.2015,1,2015
allPopulation.2020,1,2020
allPopulation.2020,1,2020
allPopulation.2020,1,2020
allPopulation.2020,1,2020
allPopulation.2020,1,2020
allPopulation.2020,1,2020
allPopulation.2020,1,2020
allPopulation.2020,1,2020
allPopulation.2020,1,2020
allPopulation.2020,1,2020
allPopulation.2020,1,2020
allPopulation.2020,1,2020
allPopulation.2020,1,2020
allPopulation.2020,1,2020
allPopulation.2020,1,2020
allPopulation.2020,1,2020
allPopulation.2020,1,2020
allPopulation.2020,1,2020
allPopulation.2020,1,2020
allPopulation.2020,1,2020
allPopulation.2020,1,2020
allPopulation.2020,1,2020
allPopulation.2020,1,2020
allPopulation.2020,1,2020
allPopulation.2020,1,2020
allPopulation.2020,1,2020
allPopulation.2020,1,2020
allPopulation.2020,1,2020
allPopulation.2020,1,2020
allPopulation.2020,1,2020
allPopulation.2020,1,2020
allPopulation.2020,1,2020
allPopulation.2020,1,2020
allPopulation.2020,1,2020
allPopulation.2020,1,2020
allPopulation.2020,1,2020
allPopulation.2025,1,2025
allPopulation.2025,1,2025
allPopulation.2025,1,2025
allPopulation.2025,1,2025
allPopulation.2025,1,2025
allPopulation.2025,1,2025
allPopulation.2025,1,2025
allPopulation.2025,1,2025
allPopulation.2025,1,2025
allPopulation.2025,1,2025
allPopulation.2025,1,2025
allPopulation.2025,1,2025
allPopulation.2025,1,2025
allPopulation.2025,1,2025
allPopulation.2025,1,2025
allPopulation.2025,1,2025
allPopulation.2025,1,2025
allPopulation.2025,1,2025
allPopulation.2025,1,2025
allPopulation.2025,1,2025
allPopulation.2025,1,2025
allPopulation.2025,1,2025
allPopulation.2025,1,2025
allPopulation.2025,1,2025
allPopulation.2025,1,2025
allPopulation.2025,1,2025
allPopulation.2025,1,2025
allPopulation.2025,1,2025
allPopulation.2025,1,2025
allPopulation.2025,1,2025
allPopulation.2025,1,2025
allPopulation.2025,1,2025
allPopulation.2025,1,2025
allPopulation.2025,1,2025
allPopulation.2025,1,2025
allPopulation.2025,1,2025
allPopulation.2030,1,2030
allPopulation.2030,1,2030
allPopulation.2030,1,2030
allPopulation.2030,1,2030
allPopulation.2030,1,2030
allPopulation.2030,1,2030
allPopulation.2030,1,2030
allPopulation.2030,1,2030
allPopulation.2030,1,2030
allPopulation.2030,1,2030
allPopulation.2030,1,2030
allPopulation.2030,1,2030
allPopulation.2030,1,2030
allPopulation.2030,1,2030
allPopulation.2030,1,2030
allPopulation.2030,1,2030
allPopulation.2030,1,2030
allPopulation.2030,1,2030
allPopulation.2030,1,2030
allPopulation.2030,1,2030
allPopulation.2030,1,2030
allPopulation.2030,1,2030
allPopulation.2030,1,2030
allPopulation.2030,1,2030
allPopulation.2030,1,2030
allPopulation.2030,1,2030
allPopulation.2030,1,2030
allPopulation.2030,1,2030
allPopulation.2030,1,2030
allPopulation.2030,1,2030
allPopulation.2030,1,2030
allPopulation.2030,1,2030
allPopulation.2030,1,2030
allPopulation.2030,1,2030
allPopulation.2035,1,2035
allPopulation.2035,1,2035
allPopulation.2035,1,2035
allPopulation.2035,1,2035
allPopulation.2035,1,2035
allPopulation.2035,1,2035
allPopulation.2035,1,2035
allPopulation.2035,1,2035
allPopulation.2035,1,2035
allPopulation.2035,1,2035
allPopulation.2035,1,2035
allPopulation.2035,1,2035
allPopulation.2035,1,2035
allPopulation.2035,1,2035
allPopulation.2035,1,2035
allPopulation.2035,1,2035
allPopulation.2035,1,2035
allPopulation.2035,1,2035
allPopulation.2035,1,2035
allPopulation.2035,1,2035
allPopulation.2035,1,2035
allPopulation.2035,1,2035
allPopulation.2035,1,2035
allPopulation.2035,1,2035
allPopulation.2035,1,2035
allPopulation.2035,1,2035
allPopulation.2035,1,2035
allPopulation.2035,1,2035
allPopulation.2035,1,2035
allPopulation.2035,1,2035
allPopulation.2035,1,2035
allPopulation.2040,1,2040
allPopulation.2040,1,2040
allPopulation.2040,1,2040
allPopulation.2040,1,2040
allPopulation.2040,1,2040
allPopulation.2040,1,2040
allPopulation.2040,1,2040
allPopulation.2040,1,2040
allPopulation.2040,1,2040
allPopulation.2040,1,2040
allPopulation.2040,1,2040
allPopulation.2040,1,2040
allPopulation.2040,1,2040
allPopulation.2040,1,2040
allPopulation.2040,1,2040
allPopulation.2040,1,2040
allPopulation.2040,1,2040
allPopulation.2040,1,2040
allPopulation.2040,1,2040
allPopulation.2040,1,2040
allPopulation.2040,1,2040
allPopulation.2040,1,2040
allPopulation.2040,1,2040
allPopulation.2040,1,2040
allPopulation.2040,1,2040
allPopulation.2040,1,2040
allPopulation.2040,1,2040
allPopulation.2040,1,2040
allPopulation.2040,1,2040
allPopulation.2045,1,2045
allPopulation.2045,1,2045
allPopulation.2045,1,2045
allPopulation.2045,1,2045
allPopulation.2045,1,2045
allPopulation.2045,1,2045
allPopulation.2045,1,2045
allPopulation.2045,1,2045
allPopulation.2045,1,2045
allPopulation.2045,1,2045
allPopulation.2045,1,2045
allPopulation.2045,1,2045
allPopulation.2045,1,2045
allPopulation.2045,1,2045
allPopulation.2045,1,2045
allPopulation.2045,1,2045
allPopulation.2045,1,2045
allPopulation.2045,1,2045
allPopulation.2045,1,2045
allPopulation.2045,1,2045
allPopulation.2045,1,2045
allPopulation.2045,1,2045
allPopulation.2045,1,2045
allPopulation.2045,1,2045
allPopulation.2045,1,2045
allPopulation.2045,1,2045
allPopulation.2050,1,2050
allPopulation.2050,1,2050
allPopulation.2050,1,2050
allPopulation.2050,1,2050
allPopulation.2050,1,2050
allPopulation.2050,1,2050
allPopulation.2050,1,2050
allPopulation.2050,1,2050
allPopulation.2050,1,2050
allPopulation.2050,1,2050
allPopulation.2050,1,2050
allPopulation.2050,1,2050
allPopulation.2050,1,2050
allPopulation.2050,1,2050
allPopulation.2050,1,2050
allPopulation.2050,1,2050
allPopulation.2050,1,2050
allPopulation.2050,1,2050
allPopulation.2050,1,2050
allPopulation.2050,1,2050
allPopulation.2050,1,2050
allPopulation.2050,1,2050
allPopulation.2050,1,2050
allPopulation.2050,1,2050
allPopulation.2055,1,2055
allPopulation.2055,1,2055
allPopulation.2055,1,2055
allPopulation.2055,1,2055
allPopulation.2055,1,2055
allPopulation.2055,1,2055
allPopulation.2055,1,2055
allPopulation.2055,1,2055
allPopulation.2055,1,2055
allPopulation.2055,1,2055
allPopulation.2055,1,2055
allPopulation.2055,1,2055
allPopulation.2055,1,2055
allPopulation.2055,1,2055
allPopulation.2055,1,2055
allPopulation.2055,1,2055
allPopulation.2055,1,2055
allPopulation.2055,1,2055
allPopulation.2055,1,2055
allPopulation.2055,1,2055
allPopulation.2055,1,2055
allPopulation.2060,1,2060
allPopulation.2060,1,2060
allPopulation.2060,1,2060
allPopulation.2060,1,2060
allPopulation.2060,1,2060
allPopulation.2060,1,2060
allPopulation.2060,1,2060
allPopulation.2060,1,2060
allPopulation.2060,1,2060
allPopulation.2060,1,2060
allPopulation.2060,1,2060
allPopulation.2060,1,2060
allPopulation.2060,1,2060
allPopulation.2060,1,2060
allPopulation.2060,1,2060
allPopulation.2060,1,2060
allPopulation.2060,1,2060
allPopulation.2060,1,2060
allPopulation.2060,1,2060
allPopulation.2065,1,2065
allPopulation.2065,1,2065
allPopulation.2065,1,2065
allPopulation.2065,1,2065
allPopulation.2065,1,2065
allPopulation.2065,1,2065
allPopulation.2065,1,2065
allPopulation.2065,1,2065
allPopulation.2065,1,2065
allPopulation.2065,1,2065
allPopulation.2065,1,2065
allPopulation.2065,1,2065
allPopulation.2065,1,2065
allPopulation.2065,1,2065
allPopulation.2065,1,2065
allPopulation.2065,1,2065
allPopulation.2065,1,2065
allPopulation.2070,1,2070
allPopulation.2070,1,2070
allPopulation.2070,1,2070
allPopulation.2070,1,2070
allPopulation.2070,1,2070
allPopulation.2070,1,2070
allPopulation.2070,1,2070
allPopulation.2070,1,2070
allPopulation.2070,1,2070
allPopulation.2070,1,2070
allPopulation.2070,1,2070
allPopulation.2070,1,2070
allPopulation.2070,1,2070
allPopulation.2070,1,2070
allPopulation.2070,1,2070
allPopulation.2075,1,2075
allPopulation.2075,1,2075
allPopulation.2075,1,2075
allPopulation.2075,1,2075
allPopulation.2075,1,2075
allPopulation.2075,1,2075
allPopulation.2075,1,2075
allPopulation.2075,1,2075
allPopulation.2075,1,2075
allPopulation.2075,1,2075
allPopulation.2075,1,2075
allPopulation.2075,1,2075
allPopulation.2075,1,2075
allPopulation.2080,1,2080
allPopulation.2080,1,2080
allPopulation.2080,1,2080
allPopulation.2080,1,2080
allPopulation.2080,1,2080
allPopulation.2080,1,2080
allPopulation.2080,1,2080
allPopulation.2080,1,2080
allPopulation.2080,1,2080
allPopulation.2080,1,2080
allPopulation.2080,1,2080
allPopulation.2085,1,2085
allPopulation.2085,1,2085
allPopulation.2085,1,2085
allPopulation.2085,1,2085
allPopulation.2085,1,2085
allPopulation.2085,1,2085
allPopulation.2085,1,2085
allPopulation.2085,1,2085
allPopulation.2085,1,2085
allPopulation.2085,1,2085
allPopulation.2090,1,2090
allPopulation.2090,1,2090
allPopulation.2090,1,2090
allPopulation.2090,1,2090
allPopulation.2090,1,2090
allPopulation.2090,1,2090
allPopulation.2090,1,2090
allPopulation.2090,1,2090
allPopulation.2090,1,2090
allPopulation.2095,1,2095
allPopulation.2095,1,2095
allPopulation.2095,1,2095
allPopulation.2095,1,2095
allPopulation.2095,1,2095
allPopulation.2095,1,2095
allPopulation.2095,1,2095
allPopulation.2100,1,2100
allPopulation.2100,1,2100
allPopulation.2100,1,2100
allPopulation.2100,1,2100
allPopulation.2100,1,2100
allPopulation.2100,1,2100
