district,total_case_count,2020-04-25,2020-04-26,2020-04-27,2020-04-28,2020-04-29,2020-04-30,2020-05-01,2020-05-02,2020-05-03,2020-05-04,2020-05-05,2020-05-06,2020-05-07,2020-05-08,2020-05-09,2020-05-10,2020-05-11,2020-05-12,2020-05-13
"Adilabad, TG",21.0,,,,0.0,0.0,0.0,0.0,0.0,0.0,0.0,0.0,0.0,0.0,0.0,0.0,0.0,0.0,0.0,0.0
"Agar Malwa, MP",13.0,,,,,,,,,,,,,,,,,,,
"Agra, UP",791.0,5.71,0.23,2.74,3.88,2.74,2.74,6.62,8.9,13.7,7.3,2.74,3.42,3.42,8.22,8.45,2.97,3.2,5.48,0.0
"Ahmadabad, GJ",6645.0,25.25,24.69,27.33,22.75,32.6,34.54,37.04,,,35.93,48.42,40.37,38.15,37.32,38.84,38.57,37.18,37.04,40.51
"Ahmadnagar, MH",64.0,0.66,0.22,0.66,0.66,0.0,0.0,0.0,,,2.2,2.2,0.66,0.66,0.66,0.66,0.66,2.2,2.2,0.0
"Airport Quarantine, TN",9.0,,,,,,,,,,,,,,,,,,,
"Aizawl, MZ",1.0,0.0,0.0,0.0,0.0,0.0,0.0,0.0,0.0,0.0,0.0,0.0,0.0,0.0,0.0,0.0,0.0,0.0,0.0,0.0
"Ajmer, RJ",235.0,1.16,4.26,0.39,4.26,4.26,1.55,4.26,1.55,1.16,1.55,1.93,1.93,1.93,3.48,5.8,3.48,4.64,1.16,0.0
"Akola, MH",192.0,2.75,3.3,2.75,2.75,2.75,1.1,1.1,1.1,7.15,2.75,2.75,11.0,8.8,12.1,12.1,8.8,1.65,3.85,12.65
"Alappuzha, KL",5.0,0.0,0.0,0.0,0.0,0.0,0.0,0.0,0.0,0.0,0.0,0.0,0.0,0.0,0.0,0.0,0.0,0.0,0.0,0.0
"Aligarh, UP",63.0,0.82,0.54,2.72,0.27,0.82,0.82,0.82,0.82,0.27,0.82,0.82,1.91,0.82,0.82,0.82,0.82,0.82,0.82,0.82
"Alipurduar, WB",0.0,,,,,,,,,,,,,,,,,,,
"Alirajpur, MP",3.0,0.0,0.0,0.0,0.0,0.0,0.0,0.0,0.0,0.0,0.0,0.0,0.0,0.0,0.0,0.0,0.0,0.0,0.0,0.0
"Almora, UT",2.0,,,,,,,,,,,,,,,,,,,
"Alwar, RJ",32.0,,,,,,,0.54,0.54,0.54,0.54,0.27,0.82,0.54,0.54,0.27,0.27,0.27,0.54,0.54
"Ambala, HR",42.0,0.0,0.88,0.88,0.0,0.0,0.0,0.0,0.0,0.0,0.0,0.88,0.88,0.0,0.0,0.0,0.0,0.0,0.0,0.0
"Ambedkar Nagar, UP",2.0,,,,,,,,,,,,,,,,,,0.0,0.0
"Amethi, UP",11.0,,,,,,,,,,,,,,0.78,0.78,0.78,0.78,0.78,0.0
"Amravati, MH",89.0,4.16,0.35,4.16,4.16,1.39,1.39,1.39,1.39,1.04,4.16,4.16,4.16,4.16,4.16,0.69,4.16,4.16,2.08,0.0
"Amreli, GJ",1.0,,,,,,,,,,,,,,,,,,,
"Amritsar, PB",298.0,0.0,0.0,0.0,0.0,0.0,0.0,19.27,21.28,30.11,0.0,0.0,0.0,18.47,4.42,0.4,0.4,0.4,0.4,0.0
"Amroha, UP",32.0,0.54,0.0,0.0,0.0,0.0,0.0,0.54,0.54,0.54,0.54,0.0,0.0,0.0,0.0,0.0,0.0,0.0,0.0,0.0
"Anand, GJ",80.0,2.39,3.83,0.96,4.31,5.26,1.44,0.48,0.48,0.48,0.48,1.44,1.44,1.44,1.44,1.44,1.44,0.96,0.0,0.0
"Anantapur, AP",118.0,1.22,0.49,0.98,0.98,0.98,0.73,1.47,0.98,1.71,0.98,0.98,0.98,0.98,3.92,0.73,1.22,1.96,0.98,0.98
"Anantnag, JK",145.0,19.62,10.28,5.61,7.48,8.41,11.21,11.21,3.74,9.34,0.93,0.93,10.28,0.93,0.0,0.0,0.0,0.93,0.93,16.82
"Angul, OR",15.0,,,,,,,,,,,,,,,,,0.0,0.0,0.0
"Anjaw, AR",0.0,,,,,,,,,,,,,,,,,,,
"Anugul, OR",0.0,,,,,,,,,,,,,,,,,,,
"Anuppur, MP",3.0,,,,,,,,,,,,0.0,0.0,0.0,0.0,0.0,0.0,0.0,0.0
"Araria, BR",4.0,,,,,,,,,0.0,0.0,0.0,0.0,0.0,0.0,0.0,0.0,0.0,0.0,0.0
"Aravalli, GJ",76.0,0.0,0.0,0.0,0.0,0.0,0.0,0.0,0.0,0.0,0.95,0.95,0.95,0.95,19.02,3.8,1.9,0.95,0.95,0.95
"Ariyalur, TN",338.0,0.0,0.0,0.0,0.0,0.0,0.0,1.33,23.92,2.66,7.97,1.33,1.33,31.89,1.33,1.33,5.32,43.85,47.84,5.32
"Arwal, BR",12.0,,,0.0,0.0,0.0,0.0,0.0,0.0,0.0,0.0,0.0,0.0,0.0,0.0,0.0,4.28,4.28,4.28,0.0
"Ashoknagar, MP",2.0,,,,,,,,,,,,,,,,,,0.0,0.0
"Auraiya, UP",18.0,0.0,0.0,0.0,0.0,0.0,0.0,0.0,0.0,0.0,0.73,0.73,0.0,0.0,0.0,0.0,0.0,0.0,0.73,0.73
"Aurangabad, BR",0.0,,,,,,,,,,,,,,,,,,,
"Aurangabad, MH",0.0,,,,,,,,,,,,,,,,,,,
"Aurangabad(BR), BR",18.0,,,,0.4,0.4,0.0,0.0,0.0,0.0,0.0,0.0,0.0,0.0,0.0,0.0,0.0,0.4,0.4,0.4
"Aurangabad(MH), MH",680.0,2.71,0.27,0.27,0.27,4.06,7.03,0.81,0.81,6.49,0.81,0.81,8.93,7.31,6.22,5.14,34.09,4.33,18.67,7.31
"Azamgarh, UP",9.0,0.0,0.0,0.0,0.0,0.0,0.0,0.0,0.0,0.0,0.0,0.0,0.0,0.0,0.0,0.0,0.0,0.0,0.0,0.0
"Badgam, JK",0.0,,,,5.44,5.44,1.36,1.36,,,,,,,,,,,,
"Bagalkote, KA",68.0,0.53,0.53,0.53,1.59,0.0,0.0,0.0,0.0,1.59,0.53,0.53,6.88,1.59,0.0,0.0,0.0,0.0,7.93,0.0
"Bageshwar, UT",0.0,,,,,,,,,,,,,,,,,,,
"Baghpat, UP",25.0,,,,,,,,,0.77,0.77,0.77,0.0,0.0,0.0,0.0,0.0,0.0,2.3,0.0
"Bahraich, UP",26.0,,,0.42,0.42,0.42,0.42,0.42,0.42,0.42,0.42,0.0,0.0,0.0,0.0,2.1,0.84,0.42,0.42,0.0
"Baksa, AS",0.0,,,,,,,,,,,,,,,,,,,
"Balaghat, MP",0.0,,,,,,,,,,,,,,,,,,,
"Balangir, OR",2.0,,,,,,,,0.0,0.0,0.0,0.0,0.0,0.0,0.0,0.0,0.0,0.0,0.0,0.0
"Baleshwar, OR",90.0,0.86,0.86,0.86,0.86,0.86,0.86,0.86,,,1.29,1.29,0.43,0.86,0.43,0.43,0.43,1.29,1.29,14.24
"Ballari, KA",17.0,,,,,,,,,,,,0.0,0.0,0.0,0.0,0.0,0.0,0.0,0.39
"Ballia, UP",1.0,,,,,,,,,,,,,,,,,,0.0,0.0
"Balod, CT",0.0,,,,,,,,,,,,,,,,,,,
"Baloda Bazar, CT",0.0,,,,,,,,,,,,,,,,,,,
"Balrampur, CT",0.0,,,,,,,,,,,,,,,,,,,
"Balrampur, UP",0.0,,,,,,,,,,,,,,,,,,,
"Balrampur(CT), CT",0.0,,,,,,,,,,,,,,,,,,,
"Balrampur(UP), UP",2.0,,,,,,,,,,,,,,0.0,0.0,0.0,0.0,0.0,0.0
"Bametara, CT",0.0,,,,,,,,,,,,,,,,,,,
"Banas Kantha, GJ",82.0,1.6,0.32,0.32,0.32,0.32,0.32,0.32,,,0.96,3.21,4.81,0.96,2.57,0.64,1.28,0.32,0.32,0.32
"Banda, UP",21.0,,,,,0.56,0.56,0.56,0.0,0.0,0.0,0.0,0.0,1.67,0.56,0.56,0.56,0.56,0.56,0.0
"Bandipore, JK",134.0,20.77,20.77,7.79,0.0,0.0,0.0,0.0,0.0,,,5.19,5.19,5.19,0.0,0.0,0.0,0.0,0.0,0.0
"Banka, BR",11.0,0.0,0.0,0.0,0.0,0.0,0.0,0.0,0.0,0.0,0.0,0.0,0.0,0.0,0.0,0.49,0.49,0.49,0.49,1.97
"Bankura, WB",0.0,,,,,,,,,,,,,,,,,,,
"Banswara, RJ",68.0,,,0.56,0.56,0.56,1.11,0.0,0.0,0.0,0.0,0.0,0.0,0.0,0.0,0.0,0.0,0.0,0.0,0.0
"Bara Banki, UP",7.0,0.0,0.0,0.0,0.0,0.0,0.0,0.0,,,0.0,0.0,0.0,0.0,0.0,0.0,0.0,0.0,0.0,0.0
"Baramula, JK",110.0,2.95,6.89,4.92,4.92,0.98,10.83,0.98,2.95,,,0.98,0.98,0.98,0.98,0.98,0.98,0.98,0.98,0.98
"Baran, RJ",3.0,,,,,,,,,,,,,,,,,0.0,0.0,0.0
"Bareilly, UP",11.0,,,,0.0,0.0,0.0,0.45,0.45,0.0,0.0,0.0,0.0,0.0,0.0,0.0,0.0,0.0,0.0,0.0
"Bargarh, OR",0.0,,,,,,,,,,,,,,,,,,,
"Barmer, RJ",8.0,0.0,0.0,0.0,0.0,0.0,0.0,0.0,0.0,0.0,0.0,0.0,0.0,0.0,0.0,0.0,1.15,1.15,1.15,1.15
"Barnala, PB",21.0,,,,,,,,,,25.16,25.16,25.16,25.16,25.16,0.0,0.0,0.0,0.0,0.0
"Barpeta, AS",0.0,,,,,,,,,,,,,,,,,,,
"Barwani, MP",26.0,,,,,,,0.0,0.0,0.0,0.0,0.0,0.0,0.0,0.0,0.0,0.0,0.0,0.0,0.0
"Bastar, CT",0.0,,,,,,,,,,,,,,,,,,,
"Basti, UP",41.0,0.0,0.0,0.0,0.0,0.0,0.0,0.0,2.84,0.81,0.81,0.81,0.81,1.22,1.22,1.22,0.41,1.22,0.0,0.0
"Bathinda, PB",40.0,,,,,,,,,,0.72,0.72,0.72,1.44,0.72,0.0,0.0,0.0,0.0,0.0
"Baudh, OR",0.0,,,,,,,,,,,,,,,,,,,
"Begusarai, BR",47.0,,,,,,0.0,0.0,0.0,0.0,0.0,0.0,0.0,0.0,0.0,4.06,0.34,1.35,3.05,2.37
"Belagavi, KA",113.0,1.88,0.63,0.63,0.63,0.63,2.93,0.63,0.21,0.21,0.21,0.21,0.21,0.21,2.3,1.88,1.88,0.0,0.0,0.0
"Bengaluru, KA",184.0,1.36,0.94,0.94,0.1,0.94,0.94,0.0,,,0.1,0.31,0.21,0.1,0.73,1.25,0.21,0.1,0.42,0.21
"Bengaluru Rural, KA",6.0,0.0,0.0,0.0,0.0,0.0,0.0,0.0,0.0,0.0,0.0,0.0,0.0,0.0,0.0,0.0,0.0,0.0,0.0,0.0
"Betul, MP",1.0,0.0,0.0,0.0,0.0,0.0,0.0,0.0,0.0,0.0,0.0,0.0,0.0,0.0,0.0,0.0,0.0,0.0,0.0,0.0
"Bhadohi, UP",3.0,,,,,,,,0.0,0.0,0.0,0.0,0.0,0.0,0.0,0.0,0.0,0.0,0.0,0.0
"Bhadradri Kothagudem, TG",4.0,0.0,0.0,0.0,0.0,0.0,0.0,0.0,0.0,0.0,0.0,0.0,0.0,0.0,0.0,0.0,0.0,0.0,0.0,0.0
"Bhadrak, OR",31.0,0.66,0.66,0.66,0.66,0.66,0.66,0.66,0.66,0.66,0.66,0.66,0.66,0.66,0.66,0.66,3.98,0.0,0.0,0.0
"Bhagalpur, BR",32.0,0.0,0.0,0.0,0.0,0.0,0.0,0.0,0.0,0.0,0.0,0.0,0.0,0.33,0.33,0.33,0.33,0.66,0.33,1.98
"Bhandara, MH",1.0,,,,,0.0,0.0,0.0,0.0,0.0,0.0,0.0,0.0,0.0,0.0,0.0,0.0,0.0,0.0,0.0
"Bharatpur, RJ",121.0,0.78,0.39,0.39,0.39,0.39,0.39,0.39,0.39,0.78,1.18,1.18,0.39,0.0,0.0,0.0,0.0,0.0,1.18,1.18
"Bharuch, GJ",32.0,0.0,0.0,0.0,0.0,0.0,0.0,0.0,0.0,0.0,0.0,0.0,0.0,0.0,0.0,0.0,1.93,1.93,0.64,0.0
"Bhavnagar, GJ",100.0,1.74,0.35,0.35,0.35,0.69,1.39,0.69,0.69,0.69,0.69,0.69,2.08,0.35,0.35,3.47,0.69,0.69,0.69,1.04
"Bhilwara, RJ",43.0,,,,0.83,0.83,0.0,0.0,0.0,0.0,0.0,0.0,0.41,0.41,0.41,0.0,0.0,0.0,0.0,0.0
"Bhind, MP",9.0,,,,,,,,,,,,,,,,,1.17,2.35,0.59
"Bhiwani, HR",6.0,,,,,,,,,,,,,,,,,0.0,0.0,0.0
"Bhojpur, BR",28.0,,2.57,2.57,2.57,2.57,2.57,2.57,2.21,0.37,0.37,0.37,0.37,0.37,0.37,0.37,0.37,2.57,2.57,2.57
"Bhopal, MP",858.0,11.82,11.4,5.49,12.67,10.56,10.56,7.6,8.45,8.45,13.09,3.38,14.36,19.85,11.4,10.56,16.47,13.09,12.67,22.8
"Bid, MH",1.0,0.0,0.0,0.0,0.0,0.0,0.0,0.0,,0.0,0.0,0.0,0.0,0.0,0.0,0.0,0.0,0.0,0.0,0.0
"Bidar, KA",41.0,,,,,,,,,,,0.0,0.0,0.0,0.0,0.0,1.18,1.18,1.18,7.06
"Bijapur, CT",0.0,,,,,,,,,,,,,,,,,,,
"Bijapur(CT), CT",0.0,,,,,,,,,,,,,,,,,,,
"Bijnor, UP",44.0,0.0,0.0,0.0,0.27,0.27,0.27,0.27,0.27,0.0,0.0,0.0,0.0,0.0,0.27,0.27,0.27,0.27,0.27,0.0
"Bikaner, RJ",40.0,,,,,,,,,,,0.0,0.0,0.0,0.0,0.0,0.0,0.42,0.42,0.0
"Bilaspur, CT",0.0,,,,,,,,,,,,,,,,,,,
"Bilaspur, HP",0.0,,,,,,,,,,,,,,,,,,,
"Bilaspur(CT), CT",1.0,0.0,0.0,0.0,0.0,0.0,0.0,0.0,0.0,0.0,0.0,0.0,0.0,0.0,0.0,0.0,0.0,0.0,0.0,0.0
"Bilaspur(HP), HP",2.0,,,,,,,,,,,,,,,,,0.0,0.0,0.0
"Birbhum, WB",7.0,,,,,,,,,,,,,,0.0,0.0,0.0,0.0,0.0,0.0
"Bishnupur, MN",0.0,,,,,,,,,,,,,,,,,,,
"Biswanath, AS",0.0,,,,,,,,,,,,,,,,,,,
"Bokaro, JH",10.0,0.0,0.0,0.0,0.0,0.0,0.0,0.0,0.0,0.0,0.0,0.0,0.0,0.0,0.0,0.0,0.0,0.0,0.0,0.0
"Bongaigaon, AS",5.0,,,,,,,0.0,0.0,0.0,0.0,0.0,0.0,0.0,0.0,0.0,0.0,0.0,0.0,0.0
"Botad, GJ",56.0,1.52,1.52,1.52,9.15,1.52,3.05,3.05,9.15,4.57,4.57,12.2,10.67,3.05,3.05,3.05,4.57,0.0,0.0,0.0
"Boudh, OR",4.0,,,,,,,,,,,,,,,,,,0.0,0.0
"Budaun, UP",17.0,,,0.54,0.0,0.0,0.0,0.0,0.0,0.0,0.0,0.0,0.0,0.0,0.0,0.0,0.0,0.0,0.0,0.0
"Budgam, JK",53.0,,,,,,,,,,,0.0,0.0,0.0,20.39,4.08,4.08,4.08,4.08,4.08
"Bulandshahr, UP",75.0,3.14,1.43,1.43,0.57,0.57,0.57,1.43,1.43,0.29,1.43,1.43,0.29,1.43,1.43,1.43,1.43,1.43,0.29,0.0
"Buldana, MH",25.0,0.0,0.0,0.0,0.0,0.0,0.0,0.0,,,,,0.0,0.0,0.0,0.0,0.0,0.0,0.0,0.0
"Bundi, RJ",0.0,,,,,,,,,,,,,,,,,,,
"Burhanpur, MP",60.0,,,,,,,,,21.14,21.14,21.14,21.14,21.14,21.14,6.61,10.57,6.61,0.0,0.0
"Buxar, BR",59.0,2.93,1.17,1.17,1.17,8.2,2.93,2.93,1.17,1.76,0.0,0.0,0.0,0.0,0.0,0.0,0.0,0.0,0.0,0.0
"Cachar, AS",11.0,,,,,,,,,,,,,2.3,2.88,0.0,0.0,0.0,0.0,0.0
"Chamarajanagara, KA",0.0,,,,,,,,,,,,,,,,,,,
"Chamba, HP",12.0,,,,,,,,,,,,,,1.93,0.0,0.0,0.0,0.0,0.0
"Chamoli, UT",0.0,,,,,,,,,,,,,,,,,,,
"Champawat, UT",0.0,,,,,,,,,,,,,,,,,,,
"Champhai, MZ",0.0,,,,,,,,,,,,,,,,,,,
"Chandauli, UP",1.0,,,,,,,,,,,,,,,,,,,
"Chandel, MN",0.0,,,,,,,,,,,,,,,,,,,
"Chandigarh, CH",191.0,,7.58,8.53,10.42,11.37,5.68,13.26,5.68,2.84,4.74,12.32,8.53,9.47,11.37,21.79,3.79,7.58,5.68,3.79
"Chandrapur, MH",4.0,,,,,,,,,0.46,0.0,0.0,0.0,0.0,0.0,0.0,0.0,0.0,0.0,0.0
"Changlang, AR",0.0,,,,,,,,,,,,,,,,,,,
"Charaideo, AS",0.0,,,,,,,,,,,,,,,,,,,
"Charki Dadri, HR",4.0,0.0,0.0,0.0,0.0,0.0,0.0,0.0,,,,,,,,,,3.98,0.0,0.0
"Chatra, JH",0.0,,,,,,,,,,,,,,,,,,,
"Chengalpattu, TN",411.0,0.39,0.0,0.0,0.0,1.56,1.96,3.13,1.96,0.39,1.56,14.08,3.52,5.09,10.17,15.65,16.82,35.21,13.69,9.78
"Chennai, TN",5262.0,6.06,3.94,6.62,14.51,13.24,19.44,24.79,24.51,28.59,37.46,39.15,45.63,44.51,56.2,39.3,71.69,75.77,71.83,53.52
"Chhatarpur, MP",0.0,,,,,,,,,,,,,,,,,,,
"Chhindwara, MP",5.0,,0.0,0.0,0.0,0.0,0.0,0.0,0.0,0.0,0.0,0.0,0.0,0.0,0.0,0.0,0.0,0.0,0.0,0.0
"Chikkaballapura, KA",24.0,0.8,0.0,0.0,0.0,0.0,0.0,0.0,0.8,0.8,0.8,0.0,0.0,0.0,0.0,0.0,0.8,0.8,0.8,0.0
"Chikkamagaluru, KA",0.0,,,,,,,,,,,,,,,,,,,
"Chirang, AS",0.0,,,,,,,,,,,,,,,,,,,
"Chitradurga, KA",7.0,,,,,,,,,,,,,,,1.81,0.0,0.0,0.0,0.0
"Chitrakoot, UP",8.0,,,,,,,,,,,,,,,,1.01,1.01,1.01,0.0
"Chittaurgarh, RJ",142.0,,,,5.18,5.18,1.94,4.53,,,14.89,5.83,0.65,10.36,6.48,6.48,14.89,14.89,0.65,0.0
"Chittoor, AP",142.0,0.72,0.72,0.72,0.72,0.72,0.72,1.68,1.68,1.68,0.24,0.96,0.96,0.96,0.96,2.64,3.84,2.16,2.4,2.64
"Chota Udaipur, GJ",17.0,0.93,0.0,0.0,0.0,0.0,0.0,0.0,,,,,,,,,,,,0.0
"Churachandpur, MN",0.0,,,,,,,,,,,,,,,,,,,
"Churu, RJ",27.0,,,,,,,,,,,,,,,,0.49,0.49,2.94,1.47
"Coimbatore, TN",146.0,0.0,0.0,0.0,0.0,0.0,0.0,0.0,0.0,1.15,0.0,0.0,0.0,0.0,0.0,0.0,0.0,0.0,0.0,0.0
"Cooch Behar, WB",0.0,,,,,,,,,,,,,,,,,,,
"Cuddalore, TN",412.0,,,,,,,0.38,0.77,3.46,46.91,26.14,36.53,12.3,13.07,1.15,0.38,0.38,0.38,6.54
"Cuttack, OR",3.0,,,,,,,,,,,,0.0,0.0,0.0,0.0,0.0,0.0,0.0,0.0
"Dadra and Nagar Haveli, DN",1.0,,,,,,,,,,,,,,,,,,,
"Dakshin Bastar Dantewada, CT",0.0,,,,,,,,,,,,,,,,,,,
"Dakshin Dinajpur, WB",0.0,,,,,,,,,,,,,,,,,,,
"Dakshina Kannada, KA",28.0,0.48,0.48,0.96,0.0,0.0,0.0,0.96,0.0,0.0,0.0,0.0,1.44,0.0,0.0,0.0,0.0,0.0,0.0,0.48
"Daman, DN",0.0,,,,,,,,,,,,,,,,,,,
"Damoh, MP",0.0,,,,,,,,,,,,,,,,,,,
"Dang, GJ",2.0,,,,0.0,0.0,0.0,0.0,0.0,0.0,0.0,0.0,0.0,0.0,0.0,0.0,0.0,0.0,0.0,0.0
"Darbhanga, BR",16.0,,,,,,0.0,0.0,0.0,0.0,0.0,0.0,0.0,0.0,0.0,0.51,0.51,0.76,0.51,0.0
"Darjeeling, WB",7.0,,,,,,,,,,,0.54,0.54,0.0,0.0,0.0,0.0,0.0,0.0,0.0
"Darrang, AS",0.0,,,,,,,,,,,,,,,,,,,
"Datia, MP",0.0,,,,,,,,,,,,,,,,,,,
"Dausa, RJ",28.0,0.0,0.0,0.0,0.0,0.0,0.0,0.0,0.0,0.0,0.0,0.0,0.0,0.0,0.0,0.0,1.22,1.22,1.83,0.61
"Davanagere, KA",85.0,,,,,,0.51,3.08,0.0,0.0,0.0,6.16,0.51,0.51,7.19,3.08,0.51,1.54,6.16,1.03
"Debagarh, OR",1.0,,,,,,0.0,0.0,,0.0,0.0,0.0,0.0,0.0,0.0,0.0,0.0,0.0,0.0,0.0
"Dehradun, UT",36.0,0.59,0.59,0.59,1.77,0.0,0.0,0.0,0.0,0.59,0.0,0.0,0.0,0.0,0.0,0.0,0.0,0.0,0.0,0.0
"Delhi, DL",7998.0,,,,,,,,,,,,,,,,,,,
"Deoghar, JH",4.0,,,0.0,0.0,0.0,0.0,0.0,0.0,0.0,0.0,0.0,0.0,0.0,0.0,0.0,0.0,0.0,0.0,0.0
"Deoria, UP",3.0,,,,,,,,,0.0,0.0,0.0,0.0,0.0,0.0,0.0,0.0,0.0,0.0,0.0
"Devbhumi Dwarka, GJ",12.0,,,,,,,,,,,,,,0.0,0.0,0.0,0.0,0.0,9.3
"Dewas, MP",56.0,0.64,0.64,0.64,0.64,0.64,0.64,0.64,0.0,0.0,0.0,0.0,0.0,0.64,0.64,2.56,4.48,3.2,3.2,1.92
"Dhalai, TR",150.0,,,,,,,,,,34.39,34.39,58.2,34.39,34.39,124.34,42.33,34.39,34.39,0.0
"Dhamtari, CT",0.0,,,,,,,,,,,,,,,,,,,
"Dhanbad, JH",4.0,,,,,,,,,,,,,,,,0.0,0.0,0.0,0.0
"Dhar, MP",89.0,,,,,3.66,3.66,3.66,0.92,1.83,3.66,3.66,0.46,0.46,0.46,0.46,1.83,1.83,1.83,1.37
"Dharmapuri, TN",6.0,,,,,,,,,,,,0.67,0.67,0.67,0.0,0.0,0.0,0.0,0.0
"Dharwad, KA",21.0,0.0,0.0,0.0,0.0,0.0,0.0,0.0,0.0,0.0,0.0,0.0,0.54,0.54,0.0,0.0,0.0,0.0,0.0,0.0
"Dhaulpur, RJ",24.0,,1.66,1.66,1.66,1.66,0.83,0.0,,,,1.66,1.66,3.31,0.0,0.0,0.0,0.0,0.0,0.0
"Dhemaji, AS",0.0,,,,,,,,,,,,,,,,,,,
"Dhenkanal, OR",1.0,0.0,0.0,0.0,0.0,0.0,0.0,0.0,0.0,0.0,0.0,0.0,0.0,0.0,0.0,0.0,0.0,0.0,0.0,0.0
"Dhubri, AS",5.0,,,,,,,,0.0,0.0,0.0,0.0,0.0,0.0,0.0,0.0,0.0,0.0,0.0,0.0
"Dhule, MH",71.0,3.9,0.0,0.0,0.0,0.0,0.0,0.0,0.0,0.49,2.44,2.44,0.49,0.49,0.49,0.49,1.95,2.44,2.44,3.9
"Dibrugarh, AS",0.0,,,,,,,,,,,,,,,,,,,
"Dima Hasao, AS",0.0,,,,,,,,,,,,,,,,,,,
"Dimapur, NL",0.0,,,,,,,,,,,,,,,,,,,
"Dindigul, TN",111.0,0.0,0.0,0.0,0.0,0.0,0.0,0.0,0.46,0.46,0.46,3.24,4.16,0.46,0.46,0.46,1.39,1.39,0.93,0.0
"Dindori, MP",2.0,,,,,,,,,,,,,,,,,0.0,0.0,0.0
"Diu, DN",0.0,,,,,,,,,,,,,,,,,,,
"Doda, JK",0.0,,,,,,,,,,,,,,,,,,,
"Dohad, GJ",20.0,,,,,,,0.47,0.47,0.47,2.82,0.47,0.47,1.88,0.47,0.47,0.0,0.0,0.0,0.0
"Dumka, JH",2.0,,,,,,,,,,,,0.0,0.0,0.0,0.0,0.0,0.0,0.0,0.0
"Dungarpur, RJ",13.0,,0.0,0.0,0.0,0.0,0.0,0.0,0.0,0.0,0.72,0.72,0.72,0.0,0.0,0.0,0.0,0.72,0.72,0.72
"Durg, CT",10.0,,,,,,,,,,0.3,0.3,0.0,0.0,0.0,0.0,0.0,0.0,0.0,0.0
"East Champaran, BR",15.0,,,0.0,0.0,0.0,0.0,0.0,0.0,0.0,0.0,0.0,0.0,0.0,0.0,0.79,0.79,0.39,0.39,0.39
"East District, SK",0.0,,,,,,,,,,,,,,,,,,,
"East Garo Hills, ML",0.0,,,,,,,,,,,,,,,,,,,
"East Godavari, AP",51.0,0.58,0.39,0.19,0.19,0.19,0.39,0.39,0.39,0.0,0.0,0.0,0.0,0.0,0.0,0.0,0.0,0.0,0.0,0.78
"East Jaintia Hills, ML",0.0,,,,,,,,,,,,,,,,,,,
"East Kameng, AR",0.0,,,,,,,,,,,,,,,,,,,
"East Khasi Hills, ML",13.0,,,,,,1.21,1.21,0.0,0.0,0.0,0.0,0.0,0.0,0.0,0.0,0.0,0.0,0.0,0.0
"East Siang, AR",0.0,,,,,,,,,,,,,,,,,,,
"East Singhbhum, JH",1.0,,,,,,,,,,,,,,,,,,,
"Ernakulam, KL",27.0,,,,,,,,,,,,,,,0.3,0.3,0.0,0.0,0.0
"Erode, TN",70.0,0.0,0.0,0.0,0.0,0.0,0.0,0.0,0.0,0.0,0.0,0.0,0.0,0.0,0.0,0.0,0.0,0.0,0.0,0.0
"Etah, UP",11.0,,,,,,,2.84,1.14,0.57,0.57,0.57,0.57,0.57,0.57,0.57,0.57,0.57,0.0,0.0
"Etawah, UP",2.0,,,,,,,,,,,0.0,0.0,0.0,0.0,0.0,0.0,0.0,0.0,0.0
"Faizabad, UP",1.0,,,,,,,,,,,,,,,,,0.0,0.0,0.0
"Faridabad, HR",119.0,,,0.56,0.0,0.0,0.0,4.45,0.56,0.56,1.11,0.56,1.11,3.34,2.22,0.56,0.56,3.89,7.23,2.22
"Faridkot, PB",46.0,,,,,,4.85,4.85,4.85,4.85,4.85,43.69,0.0,0.0,0.0,0.0,0.0,0.0,0.0,0.0
"Farrukhabad, UP",8.0,,,,,,,,,,,,,,,,,,3.18,0.0
"Fatehabad, HR",7.0,,,,,,,,,,0.0,0.0,0.0,0.0,0.0,0.0,0.0,0.0,0.0,0.0
"Fatehgarh Sahib, PB",56.0,,,,,,,,10.0,11.67,5.0,5.0,5.0,1.67,6.67,8.34,13.34,18.34,13.34,0.0
"Fatehpur, UP",6.0,,,,,,,,,,,,,,,,,0.38,0.38,0.38
"Fazilka, PB",41.0,,,,,,,,,,,,0.85,0.0,0.0,0.0,0.0,0.0,0.85,0.0
"Firozabad, UP",194.0,3.2,0.4,0.4,0.0,0.0,0.0,5.21,5.21,4.01,4.41,2.8,4.81,0.4,2.4,2.8,1.2,0.4,0.4,0.0
"Firozpur, PB",44.0,,,,,,,7.4,4.44,,,0.49,0.49,0.0,0.0,0.0,0.0,0.0,0.0,0.0
"Gadag, KA",8.0,,,,,0.0,0.0,0.0,0.0,0.0,0.0,0.0,0.0,0.0,0.0,0.0,0.0,0.0,0.0,0.0
"Gadchiroli, MH",0.0,,,,,,,,,,,,,,,,,,,
"Gajapati, OR",0.0,,,,,,,,,,,,,,,,,,,
"Ganderbal, JK",23.0,,,,,,,,,,,,,3.37,10.1,13.47,0.0,0.0,0.0,0.0
"Gandhinagar, GJ",142.0,2.88,1.44,3.6,4.32,1.44,7.21,0.72,12.97,2.16,5.05,1.44,2.88,3.6,6.49,15.86,7.21,7.21,2.16,0.0
"Ganganagar, RJ",0.0,,,,,,,,,,,,,,,,,,,
"Ganjam, OR",210.0,,,,,,,,,,,,0.28,6.82,12.22,5.11,10.23,8.24,1.14,14.77
"Garhwa, JH",23.0,,,,,,,,,,,,,,,,,0.0,0.0,0.0
"Gariaband, CT",0.0,,,,,,,,,,,,,,,,,,,
"Gautam Buddha Nagar, UP",249.0,0.6,2.39,9.55,0.6,5.37,5.37,7.76,2.99,5.37,7.17,7.76,2.39,2.39,2.39,8.96,5.37,5.37,2.99,8.36
"Gaya, BR",8.0,,0.0,0.0,0.0,0.0,0.0,0.0,0.0,0.0,0.0,0.0,0.0,0.0,0.0,0.0,0.0,0.0,0.0,0.0
"Ghaziabad, UP",150.0,0.86,1.07,0.86,0.86,0.86,0.86,0.64,0.64,3.0,2.57,2.15,1.29,1.29,2.15,1.29,1.93,0.86,0.43,0.64
"Ghazipur, UP",10.0,,,,,,,,,,,,,,,,0.28,0.28,0.28,0.28
"Gir Somnath, GJ",18.0,,,,,,,,,,,,,,,6.57,6.57,6.57,6.57,0.82
"Giridih, JH",7.0,,,,,,,,,,,,,,,,,,0.82,0.41
"Goalpara, AS",6.0,,,,,0.0,0.0,0.0,0.0,0.0,0.0,0.0,0.0,0.0,0.0,0.0,0.0,0.0,0.0,0.0
"Godda, JH",1.0,,,,,,,,0.0,0.0,0.0,0.0,0.0,0.0,0.0,0.0,0.0,0.0,0.0,0.0
"Golaghat, AS",9.0,,,,,,,,0.0,0.0,0.0,0.0,0.0,0.0,0.0,0.0,0.0,0.0,0.0,0.0
"Gomati, TR",2.0,,,,,,,,,,,,,,,,,,0.0,0.0
"Gonda, UP",21.0,,,,,0.0,0.0,0.0,0.0,0.58,0.58,0.58,0.58,0.58,0.29,0.58,0.58,1.75,0.87,0.0
"Gondiya, MH",1.0,0.0,0.0,0.0,0.0,0.0,0.0,0.0,,0.0,0.0,0.0,0.0,0.0,0.0,0.0,0.0,0.0,0.0,0.0
"Gopalganj, BR",24.0,,,2.35,2.35,0.0,0.0,0.0,0.0,0.0,0.0,0.0,0.0,0.0,0.0,0.0,0.0,0.0,0.78,0.78
"Gorakhpur, UP",6.0,,,,,,,0.23,0.23,0.0,0.0,0.0,0.0,0.0,0.0,0.0,0.0,0.0,0.0,0.0
"Gumla, JH",0.0,,,,,,,,,,,,,,,,,,,
"Guna, MP",1.0,,,,,,,,,,,,,,,0.0,0.0,0.0,0.0,0.0
"Guntur, AP",399.0,0.61,1.02,4.7,3.48,5.93,0.82,3.89,0.41,2.25,3.89,2.66,2.45,2.05,0.2,0.41,1.23,1.02,3.68,3.68
"Gurdaspur, PB",121.0,,,,,,,0.43,0.43,10.87,2.61,20.88,0.43,2.61,10.44,0.0,0.0,0.0,0.0,0.0
"Gurugram, HR",166.0,2.64,0.66,0.66,0.66,0.66,0.66,1.98,3.96,5.94,0.66,7.27,13.21,8.59,5.94,10.57,2.64,2.64,10.57,3.3
"Gwalior, MP",31.0,0.0,0.0,0.0,0.0,0.0,0.0,0.0,0.0,0.0,0.0,0.0,0.0,2.46,2.46,2.46,2.46,1.97,1.48,0.98
"Hailakandi, AS",1.0,0.0,0.0,0.0,0.0,0.0,0.0,0.0,0.0,0.0,0.0,0.0,0.0,0.0,0.0,0.0,0.0,0.0,0.0,0.0
"Hamirpur, HP",0.0,,,,,,,,,,,,,,,,,,,
"Hamirpur, UP",0.0,,,,,,,,,,,,,,,,,,,
"Hamirpur(HP), HP",6.0,,,,,,,,,,,,,,,2.2,0.0,0.0,0.0,0.0
"Hamirpur(UP), UP",1.0,,,,,,,,,,,,,,,,0.0,0.0,0.0,0.0
"Hanumangarh, RJ",12.0,0.0,0.0,0.0,0.0,0.0,0.0,0.0,0.0,0.0,0.0,0.0,0.0,0.0,0.0,0.0,0.0,0.0,0.0,0.0
"Hapur, UP",60.0,1.49,1.49,0.75,0.0,0.0,0.0,0.0,1.49,6.73,0.75,0.75,0.75,5.23,1.49,1.49,0.75,0.75,0.75,1.49
"Harda, MP",3.0,,,,,,,,0.0,0.0,0.0,0.0,0.0,0.0,0.0,0.0,0.0,0.0,0.0,0.0
"Hardoi, UP",4.0,,,,,,,,,,,,,,,,,,,
"Haridwar, UT",7.0,,,,,,,,,,,,,,,0.0,0.0,0.0,0.0,0.0
"Hassan, KA",9.0,,,,,,,,,,,,,,,,,,,
"Hathras, UP",19.0,,,,,,,,0.64,0.64,0.0,0.0,0.0,0.0,0.0,0.0,0.0,0.0,0.0,0.0
"Haveri, KA",3.0,,,,,,,,,,,,0.0,0.0,0.0,0.0,0.0,0.0,0.0,0.0
"Hazaribagh, JH",10.0,,,,,,,,,,,,,,,,,3.46,3.46,0.0
"Hingoli, MH",61.0,0.85,0.0,0.0,0.0,0.0,0.0,0.0,0.0,4.24,0.85,0.85,2.54,0.0,0.0,0.0,0.0,0.85,0.85,0.0
"Hisar, HR",4.0,,,0.0,0.0,0.0,0.0,0.0,0.0,0.0,0.0,0.0,0.0,0.0,0.0,0.0,0.0,0.0,0.0,0.0
"Hnahthial, MZ",0.0,,,,,,,,,,,,,,,,,,,
"Hojai, AS",0.0,,,,,,,,,,,,,,,,,,,
"Hooghly, WB",134.0,0.36,0.36,0.36,0.36,0.36,0.36,0.36,0.36,0.36,0.36,0.36,1.09,0.36,0.36,3.08,8.88,0.91,0.36,1.27
"Hoshangabad, MP",37.0,3.22,1.61,0.81,0.81,0.81,0.81,0.81,0.81,0.81,0.0,0.0,0.0,0.0,0.0,0.0,0.0,0.0,0.0,0.0
"Hoshiarpur, PB",92.0,,,,,1.9,0.63,0.63,0.63,29.06,0.63,0.63,0.63,0.63,0.63,0.63,1.9,1.9,1.9,1.9
"Howrah, WB",484.0,2.89,2.89,2.89,2.89,2.89,2.89,2.89,2.89,2.89,2.89,4.96,4.96,7.23,7.85,1.65,9.71,4.75,7.64,1.45
"Hyderabad, TG",827.0,3.78,3.2,3.78,3.78,1.74,1.74,1.74,4.36,5.81,0.87,3.78,3.78,3.49,2.91,8.72,7.55,22.95,10.75,9.01
"Idukki, KL",23.0,2.71,2.71,3.61,0.0,0.0,0.0,0.0,0.0,0.0,0.0,0.0,0.0,0.0,0.0,0.0,0.0,0.0,0.0,0.0
"Imphal East, MN",1.0,0.0,0.0,0.0,0.0,0.0,0.0,0.0,0.0,0.0,0.0,0.0,0.0,0.0,0.0,0.0,0.0,0.0,0.0,0.0
"Imphal West, MN",1.0,0.0,0.0,0.0,0.0,0.0,0.0,0.0,0.0,0.0,0.0,0.0,0.0,0.0,0.0,0.0,0.0,0.0,0.0,0.0
"Indore, MP",2107.0,17.11,27.81,9.47,50.42,31.78,3.06,8.86,9.17,7.03,13.14,13.14,8.25,5.5,8.56,16.2,23.84,23.53,24.75,27.81
"Jabalpur, MP",147.0,4.88,6.5,4.06,0.41,3.25,2.84,0.81,2.03,1.63,0.81,3.25,1.22,2.44,0.41,1.22,1.63,4.06,1.63,4.06
"Jagatsinghapur, OR",5.0,,,,,,,,,,,,,,0.0,0.0,0.0,0.0,0.0,0.0
"Jagitial, TG",6.0,0.0,0.0,0.0,0.0,0.0,0.0,0.0,,,0.0,0.0,0.0,0.0,0.0,0.0,0.0,0.0,0.0,0.0
"Jaipur, RJ",1342.0,2.4,2.4,3.75,3.9,3.3,3.9,3.15,4.95,4.8,4.35,3.75,6.45,3.15,5.1,7.65,3.45,4.2,5.1,9.15
"Jaisalmer, RJ",41.0,,,,0.0,0.0,0.0,0.0,0.0,0.0,0.0,0.0,0.0,0.0,0.0,0.0,0.0,0.0,4.46,1.49
"Jajapur, OR",71.0,2.19,2.19,2.19,1.1,1.1,1.1,2.19,,,,0.55,1.1,0.0,0.0,0.0,0.0,0.55,1.64,3.83
"Jalandhar, PB",198.0,1.38,5.5,2.75,2.75,0.46,1.38,7.33,6.88,1.83,1.83,2.75,0.46,5.5,5.04,7.79,2.75,2.75,4.13,0.46
"Jalaun, UP",37.0,,,,0.6,0.0,0.0,0.0,0.0,0.6,0.0,0.0,0.0,0.6,0.6,11.97,0.6,0.6,3.59,0.0
"Jalgaon, MH",206.0,1.18,1.42,0.71,0.71,0.24,0.24,0.24,0.24,0.24,0.24,0.24,1.66,3.08,4.26,8.76,10.65,0.47,2.84,3.31
"Jalna, MH",16.0,0.0,0.0,0.0,0.0,0.0,0.0,0.0,0.0,0.0,0.0,0.0,0.0,0.0,0.0,0.0,0.0,0.0,1.02,0.0
"Jalor, RJ",42.0,,,,,,,,,,,,,,1.64,1.64,0.55,3.28,1.64,1.64
"Jalpaiguri, WB",4.0,0.0,0.0,0.0,0.0,0.0,0.0,0.0,0.0,0.0,0.0,0.0,0.0,0.0,0.0,0.0,0.0,0.0,0.0,0.0
"Jammu, JK",38.0,,,,,,,,,,,1.31,1.31,1.31,0.66,0.66,0.66,1.97,1.31,1.31
"Jamnagar, GJ",33.0,,,,0.0,0.0,0.0,0.0,0.0,0.0,0.0,0.46,0.46,1.85,3.24,3.24,1.39,1.39,0.46,1.39
"Jamtara, JH",2.0,,,,,,0.0,0.0,0.0,0.0,0.0,0.0,0.0,0.0,0.0,0.0,0.0,0.0,0.0,0.0
"Jamui, BR",1.0,,,,,,,,,,,,,,,,,,,
"Jangoan, TG",3.0,0.0,0.0,0.0,0.0,0.0,0.0,0.0,0.0,,0.0,0.0,0.0,0.0,0.0,0.0,0.0,0.0,0.0,0.0
"Janjgir Champa, CT",0.0,,,,,,,,,,,,,,,,,,,
"Jashpur, CT",0.0,,,,,,,,,,,,,,,,,,,
"Jaunpur, UP",12.0,,,,,0.0,0.0,0.0,0.0,0.0,0.0,0.0,0.0,0.0,0.0,0.22,0.22,0.22,0.22,0.22
"Jayashankar, TG",3.0,0.0,0.0,0.0,0.0,0.0,0.0,0.0,,0.0,0.0,0.0,0.0,0.0,0.0,0.0,0.0,0.0,0.0,0.0
"Jehanabad, BR",21.0,,,,,0.0,0.0,0.0,0.0,0.0,0.0,0.0,0.0,0.0,2.67,2.67,2.67,2.67,2.67,2.67
"Jhabua, MP",2.0,,,,,,,,,,,,,,,,,,0.0,0.0
"Jhajjar, HR",84.0,,,,,1.05,18.81,4.18,12.54,2.09,14.63,8.36,6.27,3.14,1.05,0.0,0.0,0.0,1.05,1.05
"Jhalawar, RJ",47.0,3.54,0.71,7.09,0.0,0.0,0.0,0.0,0.0,0.0,0.0,0.71,2.13,3.54,3.54,0.0,0.0,0.0,0.0,0.0
"Jhansi, UP",30.0,,,,,,,2.5,2.5,1.0,1.0,1.0,1.0,1.0,1.0,2.5,2.5,0.5,2.5,2.5
"Jhargram, WB",3.0,,,,,,,,,,,,,,,,,0.0,0.0,0.0
"Jharsuguda, OR",2.0,,,,,,,,,,0.0,0.0,0.0,0.0,0.0,0.0,0.0,0.0,0.0,0.0
"Jhunjhunu, RJ",47.0,0.47,0.0,0.0,0.0,0.0,0.0,0.0,0.0,0.0,0.0,0.0,0.0,0.0,0.0,0.0,0.0,0.0,0.0,0.47
"Jind, HR",18.0,,,,,,,,,,1.5,1.5,1.5,2.25,2.25,0.0,0.0,0.0,0.0,0.0
"Jiribam, MN",0.0,,,,,,,,,,,,,,,,,,,
"Jodhpur, RJ",919.0,2.71,10.31,2.98,6.78,3.53,26.32,9.5,16.28,7.33,24.15,11.12,13.57,8.14,2.44,2.98,2.98,3.53,6.78,2.17
"Jogulamba Gadwal, TG",45.0,4.51,4.51,4.51,0.0,0.0,0.0,0.0,0.0,0.0,0.0,0.0,0.0,0.0,0.0,0.0,0.0,0.0,0.0,0.0
"Jorhat, AS",3.0,0.0,0.0,0.0,0.0,0.0,0.0,,,,,,,,,0.0,0.0,0.0,0.0,0.0
"Junagadh, GJ",4.0,,,,,,,,,,,,,,,,,,0.36,0.36
"Kabeerdham, CT",6.0,,,,,,,,,,0.0,0.0,0.0,0.0,0.0,0.0,0.0,0.0,0.0,0.0
"Kachchh, GJ",14.0,,,,,,,,,,,,,,,,,2.87,2.87,0.0
"Kaimur Bhabhua, BR",33.0,,,,,,,,,,1.23,0.61,0.61,0.0,0.0,0.0,0.0,0.0,0.0,0.0
"Kaithal, HR",3.0,,,,,,,,,,,,,,,,,0.0,0.0,0.0
"Kakching, MN",0.0,,,,,,,,,,,,,,,,,,,
"Kalaburagi, KA",81.0,0.39,0.39,0.39,0.39,3.12,0.39,0.78,0.39,0.39,0.78,0.39,0.39,1.17,0.0,0.0,0.0,0.39,0.39,3.12
"Kalahandi, OR",2.0,0.0,0.0,0.0,0.0,0.0,0.0,0.0,0.0,0.0,0.0,0.0,0.0,0.0,0.0,0.0,0.0,0.0,0.0,0.0
"Kalimpong, WB",7.0,0.0,0.0,0.0,0.0,0.0,0.0,0.0,0.0,0.0,0.0,0.0,0.0,0.0,0.0,0.0,0.0,0.0,0.0,0.0
"Kallakurichi, TN",57.0,,,2.19,2.19,0.0,0.0,0.0,0.0,0.0,2.19,2.19,2.19,2.19,2.19,2.19,0.73,0.73,0.73,0.0
"Kamareddy, TG",12.0,,,,0.0,0.0,0.0,0.0,0.0,0.0,0.0,0.0,0.0,0.0,0.0,0.0,0.0,0.0,0.0,0.0
"Kamjong, MN",0.0,,,,,,,,,,,,,,,,,,,
"Kamle, AR",0.0,,,,,,,,,,,,,,,,,,,
"Kamrup, AS",2.0,,,,,,,,,,,,,,,,,,0.0,0.0
"Kamrup Metropolitan, AS",21.0,,,,,,,,,,,,,,0.79,0.79,0.79,0.79,0.79,0.79
"Kancheepuram, TN",157.0,6.0,0.0,0.0,0.0,2.57,2.57,1.71,11.15,0.0,0.0,0.0,38.58,1.71,6.86,14.57,6.86,6.86,20.58,3.43
"Kandhamal, OR",0.0,,,,,,,,,,,,,,,,,,,
"Kangpokpi, MN",0.0,,,,,,,,,,,,,,,,,,,
"Kangra, HP",15.0,,,,,,,,,,,,,0.66,0.66,0.66,0.66,0.66,2.65,0.66
"Kannauj, UP",21.0,0.0,0.0,0.0,0.0,0.0,0.0,0.0,0.0,0.0,0.0,0.0,0.0,0.0,0.0,0.0,1.81,1.81,3.02,3.02
"Kanniyakumari, TN",27.0,0.0,0.0,0.0,0.0,0.0,0.0,0.0,,,1.07,1.07,1.07,1.07,1.07,0.54,0.54,0.54,0.54,0.0
"Kannur, KL",117.0,0.4,0.4,0.4,1.19,0.0,0.0,0.0,0.0,0.0,0.0,0.0,0.0,0.0,0.0,0.0,0.0,0.0,0.0,0.0
"Kanpur Dehat, UP",4.0,,,,,,,,,,,0.0,0.0,0.0,0.0,0.0,0.56,0.56,0.0,0.0
"Kanpur Nagar, UP",308.0,5.25,4.59,5.9,1.75,3.28,3.28,2.62,1.09,6.34,2.19,2.19,3.5,3.28,3.28,3.28,3.28,0.22,1.09,0.22
"Kapurthala, PB",27.0,0.0,0.0,0.0,3.67,3.67,3.67,3.67,3.67,1.22,1.22,1.22,1.22,1.22,1.22,1.22,1.22,3.67,3.67,1.22
"Karaikal, PY",1.0,,,,,,,,,,,,,,,,,0.0,0.0,0.0
"Karauli, RJ",7.0,,,,,,,,,,,,,0.69,0.69,0.0,0.0,0.0,0.0,0.0
"Karbi Anglong, AS",0.0,,,,,,,,,,,,,,,,,,,
"Kargil, LA",9.0,,6.97,6.97,6.97,0.0,0.0,0.0,0.0,6.97,0.0,0.0,0.0,0.0,0.0,0.0,0.0,0.0,0.0,0.0
"Karimganj, AS",2.0,,,,,,,,0.0,0.0,0.0,0.0,0.0,0.0,0.0,0.0,0.0,0.0,0.0,0.0
"Karimnagar, TG",19.0,0.0,0.0,0.0,0.0,0.0,0.0,0.0,0.0,0.0,0.0,0.0,0.0,0.0,0.0,0.0,0.0,0.0,0.0,0.0
"Karnal, HR",15.0,,,,,,,,,,,,3.32,0.66,0.66,0.66,0.66,0.66,0.66,0.0
"Karur, TN",53.0,,,,,,,,0.0,0.0,0.0,0.93,0.93,1.86,0.0,0.0,0.0,0.93,0.93,1.86
"Kasaragod, KL",183.0,0.0,0.0,0.0,0.0,1.54,0.77,0.0,0.0,0.0,0.0,0.0,0.0,0.0,0.0,0.0,0.0,0.0,0.0,0.0
"Kasganj, UP",7.0,,,,,,,,,,,,,,,1.39,1.39,0.7,0.7,0.7
"Kathua, JK",17.0,,,,,,,,,,,,,,,,1.62,4.87,11.37,6.5
"Katihar, BR",12.0,,,,,,,,,,1.63,1.63,0.65,0.65,0.65,0.33,0.33,0.33,0.33,0.0
"Katni, MP",0.0,,,,,,,,,,,,,,,,,,,
"Kaushambi, UP",5.0,,,,,,,,,,,,,,,,,,,
"Kendrapara, OR",9.0,,,,,,,,,,,,,3.47,3.47,1.39,1.39,1.39,0.0,0.0
"Kendujhar, OR",4.0,,,,,,,,,,0.0,0.0,0.0,0.0,0.0,0.0,0.0,0.0,0.0,0.0
"Khagaria, BR",30.0,,,,,,,,,,,,,,,,0.6,3.02,9.65,1.81
"Khammam, TG",8.0,,,,0.0,0.0,0.0,0.0,0.0,0.0,0.0,0.0,0.0,0.0,0.0,0.0,0.0,0.0,0.0,0.0
"Khandwa, MP",80.0,0.76,0.0,0.0,0.0,0.0,0.0,0.0,0.0,0.0,0.0,0.0,0.76,0.76,0.76,3.05,0.76,0.76,15.27,0.76
"Khargone, MP",95.0,5.34,5.34,2.67,2.67,2.67,5.34,5.34,2.14,2.67,2.67,2.67,5.34,5.34,5.34,5.34,5.34,5.34,1.6,1.6
"Khawzawl, MZ",0.0,,,,,,,,,,,,,,,,,,,
"Kheda, GJ",33.0,0.0,0.0,0.0,0.0,0.0,0.0,0.0,0.0,1.3,1.3,1.74,0.43,1.3,3.04,0.87,0.43,0.43,0.43,0.43
"Kheri, UP",5.0,0.0,0.0,0.0,0.0,0.0,0.0,0.0,,,,,,,,,,,0.0,0.0
"Khordha, OR",50.0,,,,,,0.0,0.0,0.0,0.0,0.0,0.0,0.0,0.0,0.0,0.0,0.0,0.0,0.0,0.0
"Khowai, TR",0.0,,,,,,,,,,,,,,,,,,,
"Khunti, JH",0.0,,,,,,,,,,,,,,,,,,,
"Kinnaur, HP",0.0,,,,,,,,,,,,,,,,,,,
"Kiphire, NL",0.0,,,,,,,,,,,,,,,,,,,
"Kishanganj, BR",9.0,,,,,,,,,,,,,,,,,0.0,0.0,0.0
"Kishtwar, JK",1.0,0.0,0.0,0.0,0.0,0.0,0.0,0.0,0.0,0.0,0.0,0.0,0.0,0.0,0.0,0.0,0.0,0.0,0.0,0.0
"Kodagu, KA",1.0,0.0,0.0,0.0,0.0,0.0,0.0,0.0,0.0,0.0,0.0,0.0,0.0,0.0,0.0,0.0,0.0,0.0,0.0,0.0
"Kodarma, JH",4.0,0.0,0.0,0.0,0.0,0.0,0.0,0.0,,,,,,,,,,0.0,0.0,0.0
"Kohima, NL",0.0,,,,,,,,,,,,,,,,,,,
"Kokrajhar, AS",1.0,,,,,,,,,,,,0.0,0.0,0.0,0.0,0.0,0.0,0.0,0.0
"Kolar, KA",5.0,,,,,,,,,,,,,,,,,,,
"Kolasib, MZ",0.0,,,,,,,,,,,,,,,,,,,
"Kolhapur, MH",22.0,0.0,0.26,0.26,0.26,0.26,0.26,0.26,0.26,0.0,0.0,0.0,0.0,0.0,0.0,0.0,0.0,0.0,0.0,0.0
"Kolkata, WB",1126.0,9.58,9.58,9.58,9.58,9.58,9.58,9.58,9.58,9.58,9.58,9.14,12.04,6.46,14.04,14.49,8.25,12.04,8.69,18.94
"Kollam, KL",20.0,1.14,0.38,0.38,0.38,0.38,1.14,0.0,0.0,0.0,0.0,0.0,0.0,0.0,0.0,0.0,0.0,0.0,0.0,0.0
"Kondagaon, CT",0.0,,,,,,,,,,,,,,,,,,,
"Koppal, KA",0.0,,,,,,,,,,,,,,,,,,,
"Koraput, OR",1.0,,,,0.0,0.0,0.0,0.0,0.0,0.0,0.0,0.0,0.0,0.0,0.0,0.0,0.0,0.0,0.0,0.0
"Korba, CT",28.0,0.0,0.0,0.0,0.0,0.0,0.0,0.0,0.0,0.0,0.0,0.0,0.0,0.0,0.0,0.0,0.0,0.0,0.0,0.0
"Koriya, CT",0.0,,,,,,,,,,,,,,,,,,,
"Kota, RJ",269.0,2.56,4.61,3.59,12.3,1.54,2.56,3.59,1.54,1.03,1.54,4.61,4.1,4.1,4.61,0.51,8.72,4.61,2.56,2.56
"Kottayam, KL",23.0,1.01,2.53,3.03,0.0,0.0,0.0,0.0,0.0,0.0,0.0,0.0,0.0,0.0,0.0,0.0,0.0,0.0,0.0,0.51
"Kozhikode, KL",26.0,0.0,0.0,0.0,0.0,0.0,0.0,0.0,0.0,0.0,0.0,0.0,0.0,0.0,0.0,0.0,0.0,0.0,0.0,0.0
"Kra Daadi, AR",0.0,,,,,,,,,,,,,,,,,,,
"Krishna, AP",349.0,5.52,11.04,7.29,2.87,2.87,2.21,0.44,0.44,1.77,2.65,1.77,3.09,3.53,1.32,3.53,0.22,0.66,0.88,0.66
"Krishnagiri, TN",20.0,,,,,,,,,,,,,2.12,1.06,2.12,2.12,0.0,0.0,0.0
"Kulgam, JK",72.0,,,,,,9.46,0.0,0.0,0.0,0.0,0.0,0.0,9.46,9.46,2.37,23.65,26.02,63.86,7.1
"Kullu, HP",0.0,,,,,,,,,,,,,,,,,,,
"Kumuram Bheem Asifabad, TG",7.0,1.94,1.94,1.94,0.0,0.0,0.0,0.0,,0.0,0.0,0.0,0.0,0.0,0.0,0.0,0.0,0.0,0.0,0.0
"Kupwara, JK",83.0,1.14,1.14,1.14,1.14,2.28,2.28,2.28,4.57,4.57,2.28,2.28,2.28,2.28,2.28,2.28,2.28,4.57,4.57,0.0
"Kurnool, AP",591.0,3.46,0.99,3.21,9.88,2.72,10.63,6.18,6.18,7.41,6.18,6.18,4.2,1.73,1.73,1.48,3.21,2.22,2.22,1.73
"Kurukshetra, HR",3.0,,,,,,,,,,,,,,,,,,,
"Kurung Kumey, AR",0.0,,,,,,,,,,,,,,,,,,,
"Kushinagar, UP",2.0,,,,,,,,,,,,,0.0,0.0,0.0,0.0,0.0,0.0,0.0
"Lahaul and Spiti, HP",0.0,,,,,,,,,,,,,,,,,,,
"Lahul and Spiti, HP",0.0,,,,,,,,,,,,,,,,,,,
"Lakhimpur, AS",1.0,0.0,0.0,0.0,0.0,0.0,0.0,0.0,0.0,0.0,0.0,0.0,0.0,0.0,0.0,0.0,0.0,0.0,0.0,0.0
"Lakhisarai, BR",6.0,,,,0.0,0.0,0.0,0.0,0.0,0.0,0.0,0.0,0.0,0.0,0.0,0.0,0.0,0.0,0.0,0.0
"Lakshadweep, LD",0.0,,,,,,,,,,,,,,,,,,,
"Lalitpur, UP",1.0,,,,,,,,,,,,,,,,0.0,0.0,0.0,0.0
"Latehar, JH",0.0,,,,,,,,,,,,,,,,,,,
"Latur, MH",32.0,,0.41,0.41,0.41,0.0,0.0,0.0,0.0,0.0,0.0,0.0,0.41,0.41,0.0,0.0,0.0,2.04,0.41,0.41
"Lawngtlai, MZ",0.0,,,,,,,,,,,,,,,,,,,
"Leh, LA",34.0,,13.6,13.6,13.6,13.6,13.6,13.6,13.6,13.6,0.0,0.0,0.0,0.0,0.0,0.0,0.0,0.0,0.0,0.0
"Lepa Rada, AR",0.0,,,,,,,,,,,,,,,,,,,
"Lohardaga, JH",0.0,,,,,,,,,,,,,,,,,,,
"Lohit, AR",1.0,0.0,0.0,0.0,0.0,0.0,0.0,0.0,0.0,0.0,0.0,0.0,0.0,0.0,0.0,0.0,0.0,0.0,0.0,0.0
"Longding, AR",0.0,,,,,,,,,,,,,,,,,,,
"Longleng, NL",0.0,,,,,,,,,,,,,,,,,,,
"Lower Dibang Valley, AR",0.0,,,,,,,,,,,,,,,,,,,
"Lower Siang, AR",0.0,,,,,,,,,,,,,,,,,,,
"Lower Subansiri, AR",0.0,,,,,,,,,,,,,,,,,,,
"Lucknow, UP",264.0,0.87,0.22,0.44,1.09,0.87,0.87,1.74,1.74,0.87,0.87,0.87,0.87,0.87,2.18,0.65,0.44,0.44,0.44,3.27
"Ludhiana, PB",148.0,0.29,0.29,0.0,0.0,0.0,9.75,3.73,6.02,4.01,0.29,0.29,0.29,0.29,0.0,0.0,0.0,0.0,4.59,1.43
"Lunglei, MZ",0.0,,,,,,,,,,,,,,,,,,,
"Madhepura, BR",9.0,,,,,,0.0,0.0,0.0,0.0,0.0,0.0,0.0,0.0,0.0,0.0,0.0,0.0,0.0,0.0
"Madhubani, BR",31.0,,,,,,,,0.45,0.45,0.45,0.45,0.45,0.0,0.0,0.0,0.0,0.0,0.89,0.22
"Madurai, TN",124.0,1.0,3.76,1.0,0.25,0.25,0.25,0.75,0.25,0.5,0.25,0.25,5.01,0.5,0.5,0.5,0.5,1.0,0.5,0.5
"Mahabubabad, TG",1.0,0.0,0.0,0.0,0.0,0.0,0.0,0.0,0.0,0.0,0.0,0.0,0.0,0.0,0.0,0.0,0.0,0.0,0.0,0.0
"Mahabubnagar, TG",11.0,0.0,0.0,0.0,0.0,0.0,0.0,0.0,0.0,0.0,0.0,0.0,0.0,0.0,0.0,0.0,0.0,0.0,0.0,0.0
"Mahasamund, CT",0.0,,,,,,,,,,,,,,,,,,,
"Mahe, PY",2.0,,,,,,,,,0.0,0.0,0.0,0.0,0.0,0.0,0.0,0.0,0.0,0.0,0.0
"Mahendragarh, HR",5.0,,,,,,,,,,,,,,,,1.08,1.08,0.0,0.0
"Mahesana, GJ",67.0,,,,,,1.48,0.0,,,4.93,4.93,0.99,0.99,0.99,0.99,0.99,0.99,3.45,3.95
"Mahisagar, GJ",47.0,0.0,0.0,0.0,0.0,0.0,6.03,6.03,6.03,10.05,3.02,4.02,2.01,6.03,6.03,1.01,3.02,3.02,3.02,1.01
"Mahoba, UP",3.0,,,,,,,,,,,,,,,,,,,
"Mahrajganj, UP",9.0,,,,,,,0.0,,,,,,,,,,,,0.38
"Mainpuri, UP",13.0,0.0,0.0,0.0,0.0,0.0,0.0,0.0,0.0,0.0,0.0,0.0,0.54,1.08,0.54,0.54,0.54,0.54,0.0,0.0
"Majuli, AS",0.0,,,,,,,,,,,,,,,,,,,
"Malappuram, KL",32.0,0.0,0.0,0.0,0.0,0.0,0.0,0.0,0.0,0.0,0.0,0.0,0.0,0.0,0.0,0.0,0.0,0.24,0.73,0.73
"Maldah, WB",19.0,,,,,,,,,,,,,,1.0,1.0,0.75,0.75,1.5,0.0
"Malkangiri, OR",0.0,,,,,,,,,,,,,,,,,,,
"Mamit, MZ",0.0,,,,,,,,,,,,,,,,,,,
"Mancherial, TG",1.0,,,,0.0,0.0,0.0,0.0,0.0,0.0,0.0,0.0,0.0,0.0,0.0,0.0,0.0,0.0,0.0,0.0
"Mandi, HP",2.0,,,,,,,,,,,,,0.0,0.0,0.0,0.0,0.0,0.0,0.0
"Mandla, MP",1.0,,,,,,,,,,,,,,,,,,0.0,0.0
"Mandsaur, MP",56.0,,,2.24,2.24,2.24,2.24,2.24,8.21,0.75,0.75,0.75,0.75,8.96,0.0,0.0,0.0,0.0,0.0,1.49
"Mandya, KA",31.0,0.55,0.55,0.55,0.0,0.0,0.0,0.0,0.0,0.0,0.0,0.0,0.0,0.0,0.0,0.0,0.0,0.0,0.55,0.0
"Mansa, PB",32.0,0.0,0.0,0.0,0.0,0.0,0.0,0.0,0.0,0.0,1.3,1.3,1.3,1.3,1.3,0.0,0.0,0.0,0.0,0.0
"Mathura, UP",56.0,0.39,0.39,0.39,0.39,0.39,0.39,0.39,0.39,1.97,1.57,0.39,1.57,0.79,3.54,1.97,0.79,0.79,0.0,0.0
"Mau, UP",1.0,0.0,0.0,0.0,0.0,0.0,0.0,0.0,0.0,0.0,0.0,0.0,0.0,0.0,0.0,0.0,0.0,0.0,0.0,0.0
"Mayurbhanj, OR",9.0,,,,,,,,,,,,,,,,0.4,0.4,0.0,0.0
"Medak, TG",5.0,0.0,0.0,0.0,0.0,0.0,0.0,0.0,0.0,0.0,0.0,0.0,0.0,0.0,0.0,0.0,0.0,0.0,0.0,0.0
"Medchal Malkajgiri, TG",22.0,1.57,1.57,1.57,0.0,0.0,0.0,0.0,0.0,0.0,0.0,0.0,0.0,0.0,0.0,0.0,0.0,0.0,0.0,0.0
"Medinipur East, WB",47.0,0.0,0.0,0.0,0.0,0.0,0.0,0.0,,,,0.23,0.23,0.23,1.13,0.0,0.0,0.0,0.0,0.23
"Medinipur West, WB",19.0,,,,,,,,,,,,,0.0,0.0,0.0,0.0,0.2,0.0,0.0
"Meerut, UP",274.0,0.87,0.87,0.87,0.58,0.87,0.87,0.87,2.32,0.29,7.25,6.96,3.19,2.9,3.48,6.96,6.38,3.77,3.48,2.03
"Mirpur, JK",0.0,,,,,,,,,,,,,,,,,,,
"Mirzapur, UP",7.0,,,,,,,,,,,,,,,1.2,1.2,0.0,0.0,0.0
"Moga, PB",59.0,,,,,,,1.01,22.17,0.0,0.0,0.0,0.0,0.0,0.0,0.0,0.0,2.02,0.0,0.0
"Mokokchung, NL",0.0,,,,,,,,,,,,,,,,,,,
"Mon, NL",0.0,,,,,,,,,,,,,,,,,,,
"Moradabad, UP",135.0,0.21,0.21,0.21,1.05,0.63,0.63,0.63,0.63,0.42,0.21,0.21,0.21,0.21,0.63,1.26,0.21,0.21,0.21,1.47
"Morbi, GJ",2.0,,,,,,,,,,,,,,,,,0.0,0.0,0.0
"Morena, MP",25.0,,,,,,,,1.02,1.02,1.02,0.51,0.51,0.51,0.0,0.0,0.0,0.0,0.0,0.0
"Morigaon, AS",7.0,,,,,,,,0.0,0.0,0.0,0.0,0.0,0.0,0.0,0.0,0.0,0.0,0.0,0.0
"Mulugu, TG",2.0,0.0,0.0,0.0,0.0,0.0,0.0,0.0,0.0,0.0,0.0,0.0,0.0,0.0,0.0,0.0,0.0,0.0,0.0,0.0
"Mumbai, MH",15747.0,268.28,113.8,73.75,73.75,150.99,132.55,73.75,73.75,140.18,73.75,73.75,244.44,216.15,237.76,229.5,278.13,248.57,135.41,254.29
"Mumbai Suburban, MH",0.0,,,,,,,,,,,,,,,,,,,
"Mungeli, CT",0.0,,,,,,,,,,,,,,,,,,,
"Munger, BR",122.0,2.21,2.21,16.19,1.47,22.81,22.81,11.04,11.04,11.04,4.41,4.41,4.41,4.41,4.41,4.41,8.09,11.04,11.04,11.04
"Murshidabad, WB",5.0,,,,,,,,,,,,,,,,,,0.0,0.0
"Muzaffarabad, JK",0.0,,,,,,,,,,,,,,,,,,,
"Muzaffarnagar, UP",26.0,0.48,0.24,0.0,0.0,0.0,0.0,0.24,0.24,0.24,0.0,0.0,0.0,0.0,0.0,0.0,0.0,0.0,0.0,0.0
"Muzaffarpur, BR",15.0,,,,,,,,,,,,,,,,,0.63,0.63,0.63
"Mysuru, KA",88.0,0.0,0.0,0.0,0.0,0.0,0.0,0.0,0.0,0.0,0.0,0.0,0.0,0.0,0.0,0.0,0.0,0.0,0.0,0.0
"Nabarangapur, OR",0.0,,,,,,,,,,,,,,,,,,,
"Nadia, WB",10.0,0.0,0.0,0.0,0.0,0.0,0.0,0.0,0.0,0.0,0.0,0.0,0.0,0.0,0.0,0.0,0.0,0.0,0.0,0.0
"Nagaon, AS",0.0,,,,,,,,,,,,,,,,,,,
"Nagapattinam, TN",47.0,,,,,,,,0.0,0.0,0.0,0.0,0.0,0.0,0.0,0.0,0.0,0.0,0.0,0.0
"Nagarkurnool, TG",2.0,0.0,0.0,0.0,0.0,0.0,0.0,0.0,0.0,0.0,0.0,0.0,0.0,0.0,0.0,0.0,0.0,0.0,0.0,0.0
"Nagaur, RJ",139.0,2.72,2.72,0.91,0.3,0.3,1.21,1.21,1.21,1.21,1.21,0.91,0.91,0.91,0.91,0.91,0.91,2.72,1.81,0.6
"Nagpur, MH",317.0,4.51,2.15,2.15,2.15,0.86,0.21,4.51,4.51,1.29,4.51,4.51,0.21,5.16,1.29,2.58,5.8,1.72,1.93,10.53
"Nainital, UT",11.0,0.0,0.0,0.0,0.0,0.0,0.0,0.0,0.0,0.0,0.0,0.0,0.0,0.0,0.0,0.0,0.0,0.0,0.0,0.0
"Nalanda, BR",63.0,0.35,0.35,0.35,0.0,0.0,0.0,0.0,0.0,0.0,0.0,0.0,0.0,0.0,0.0,0.7,3.83,0.35,0.7,0.7
"Nalbari, AS",4.0,,,,,,,,0.0,0.0,0.0,0.0,0.0,0.0,0.0,0.0,0.0,0.0,0.0,0.0
"Nalgonda, TG",17.0,,,,0.0,0.0,0.0,0.0,0.0,0.0,0.0,0.0,0.0,0.0,0.0,0.0,0.0,0.0,0.0,0.0
"Namakkal, TN",77.0,1.16,1.16,1.16,1.16,0.0,0.0,0.0,0.0,0.0,0.0,0.0,0.0,0.0,0.0,0.0,0.0,0.0,0.0,0.0
"Namsai, AR",0.0,,,,,,,,,,,,,,,,,,,
"Nanded, MH",57.0,,,,,0.0,0.0,0.0,0.0,8.04,2.68,2.68,2.68,2.68,8.04,8.04,2.98,0.6,0.3,3.28
"Nandurbar, MH",22.0,1.82,0.0,0.0,0.0,0.0,0.0,0.0,0.0,0.61,0.61,0.61,0.0,0.0,0.0,0.0,0.0,0.0,0.0,0.0
"Narayanpet, TG",1.0,,,,0.0,0.0,0.0,0.0,0.0,0.0,0.0,0.0,0.0,0.0,0.0,0.0,0.0,0.0,0.0,0.0
"Narayanpur, CT",0.0,,,,,,,,,,,,,,,,,,,
"Narmada, GJ",13.0,,,,,,,,,,,,,,,,,,0.0,0.0
"Narsimhapur, MP",0.0,,,,,,,,,,,,,,,,,,,
"Narsinghpur, MP",0.0,,,,,,,,,,,,,,,,,,,
"Nashik, MH",751.0,1.8,0.82,0.82,0.82,1.64,1.64,1.64,1.64,3.6,1.64,1.64,8.84,11.46,3.93,6.22,10.48,6.06,7.37,1.64
"Navsari, GJ",8.0,,0.75,0.0,0.0,0.0,0.0,0.0,0.0,0.0,0.0,0.0,0.0,0.0,0.0,0.0,0.0,0.0,0.0,0.0
"Nawada, BR",24.0,,,,0.0,0.0,0.0,0.0,0.0,0.0,0.0,0.0,0.0,0.0,0.0,0.9,0.9,2.71,0.9,0.9
"Nayagarh, OR",1.0,,,,,,,,,,,,,,,,0.0,0.0,0.0,0.0
"Neemuch, MP",38.0,,,,,,,,,,,,,,,6.05,2.42,18.16,8.48,4.84
"Nicobars, AN",0.0,,,,,,,,,,,,,,,,,,,
"Nilgiris, TN",15.0,,,,,,,,,,,,0.0,0.0,0.0,0.0,0.0,0.0,0.0,0.0
"Nirmal, TG",20.0,,,,0.0,0.0,0.0,0.0,0.0,0.0,0.0,0.0,0.0,0.0,0.0,0.0,0.0,0.0,0.0,0.0
"Niwari, MP",0.0,,,,,,,,,,,,,,,,,,,
"Nizamabad, TG",61.0,,,,0.0,0.0,0.0,0.0,0.0,0.0,0.0,0.0,0.0,0.0,0.0,0.0,0.0,0.0,0.0,0.0
"Noney, MN",0.0,,,,,,,,,,,,,,,,,,,
"North  District, SK",0.0,,,,,,,,,,,,,,,,,,,
"North 24 Parganas, WB",301.0,1.09,1.09,1.09,1.09,1.09,1.09,1.09,1.09,1.09,1.09,0.89,1.49,1.79,1.19,1.09,0.79,2.18,1.49,1.29
"North District, SK",0.0,,,,,,,,,,,,,,,,,,,
"North Garo Hills, ML",0.0,,,,,,,,,,,,,,,,,,,
"North Goa, GA",6.0,0.0,0.0,0.0,0.0,0.0,0.0,0.0,0.0,0.0,0.0,0.0,0.0,0.0,0.0,0.0,0.0,0.0,0.0,0.0
"North Tripura, TR",2.0,,,,,,,,,,,,,,,,,,0.0,0.0
"North and Middle Andaman, AN",1.0,0.0,0.0,0.0,0.0,0.0,0.0,0.0,0.0,0.0,0.0,0.0,0.0,0.0,0.0,0.0,0.0,0.0,0.0,0.0
"Nuapada, OR",0.0,,,,,,,,,,,,,,,,,,,
"Nuh, HR",60.0,,,,,,0.0,0.0,0.0,0.0,0.0,0.0,0.0,0.0,0.0,0.0,0.0,0.0,0.0,0.0
"Osmanabad, MH",4.0,,,,,,,,,,,,,,,,,,,
"Other Region, MP",0.0,,,,,,,,,,,,,,,,,,,
"Pakke Kessang, AR",0.0,,,,,,,,,,,,,,,,,,,
"Pakur, JH",0.0,,,,,,,,,,,,,,,,,,,
"Palakkad, KL",16.0,,,,0.0,0.0,0.0,0.0,0.0,0.0,0.0,0.0,0.0,0.0,0.0,0.0,0.0,0.0,0.71,0.71
"Palamu, JH",8.0,,,,,,,,,,,,,,0.0,0.0,0.0,0.0,0.0,0.0
"Palghar, MH",326.0,1.67,0.67,1.67,1.67,1.67,0.67,0.67,0.67,2.68,0.67,0.67,0.67,7.36,2.34,2.68,5.02,7.69,5.02,8.36
"Pali, RJ",95.0,0.0,0.0,0.0,4.41,4.41,1.96,1.96,1.96,4.41,4.41,4.41,4.41,4.91,2.45,2.45,0.98,2.45,0.49,13.24
"Palwal, HR",37.0,,,,,,,,,,0.0,0.0,0.0,0.0,0.0,0.0,0.0,0.0,0.0,0.0
"Panch Mahals, GJ",66.0,0.84,1.26,1.26,1.26,1.26,4.19,1.26,,,,1.67,0.84,1.67,1.67,0.84,0.84,1.67,1.67,1.67
"Panchkula, HR",23.0,,,,,,,,,,,,,,,,3.58,3.58,3.58,0.0
"Panipat, HR",36.0,0.83,3.33,0.83,0.83,0.0,0.0,0.0,0.0,0.0,2.49,0.83,4.16,0.83,0.83,0.83,0.0,0.0,0.0,0.0
"Panna, MP",1.0,,,,,,,,,,0.0,0.0,0.0,0.0,0.0,0.0,0.0,0.0,0.0,0.0
"Papum Pare, AR",0.0,,,,,,,,,,,,,,,,,,,
"Parbhani, MH",2.0,,,,,,,0.54,0.54,0.0,0.0,0.0,0.0,0.0,0.0,0.0,0.0,0.0,0.0,0.0
"Paschim Bardhaman, WB",14.0,,,,,,,,,,,0.35,0.35,0.35,0.35,0.35,0.35,0.35,0.0,0.0
"Pashchimi Singhbhum, JH",0.0,,,,,,,,,,,,,,,,,,,
"Patan, GJ",31.0,,0.74,0.0,0.0,0.0,0.0,0.0,2.23,0.74,0.74,0.74,0.0,0.0,0.0,0.0,0.0,0.74,0.74,1.49
"Pathanamthitta, KL",18.0,,,,,,,,,,,,,,,,,,,
"Pathankot, PB",29.0,,0.0,0.0,0.0,0.0,0.0,0.0,0.0,0.0,0.0,0.0,0.0,0.0,0.0,0.0,0.0,0.0,0.0,0.0
"Patiala, PB",99.0,2.07,0.69,0.69,0.69,0.69,0.35,0.35,7.26,1.04,1.04,1.04,0.69,2.07,2.07,2.07,0.35,0.35,0.35,0.0
"Patna, BR",99.0,1.21,1.39,1.39,1.39,1.39,0.35,0.17,0.17,0.17,0.17,0.17,0.17,0.17,0.87,1.39,1.39,1.91,1.21,3.46
"Pauri Garhwal, UT",1.0,0.0,0.0,0.0,0.0,0.0,0.0,0.0,0.0,0.0,0.0,0.0,0.0,0.0,0.0,0.0,0.0,0.0,0.0,0.0
"Peddapalli, TG",2.0,0.0,0.0,0.0,0.0,0.0,0.0,0.0,0.0,0.0,0.0,0.0,0.0,0.0,0.0,0.0,0.0,0.0,0.0,0.0
"Perambalur, TN",142.0,,0.0,0.0,0.0,0.0,0.0,3.54,3.54,3.54,3.54,1.77,5.31,58.46,3.54,3.54,15.94,1.77,47.83,1.77
"Peren, NL",0.0,,,,,,,,,,,,,,,,,,,
"Phek, NL",0.0,,,,,,,,,,,,,,,,,,,
"Pherzawl, MN",0.0,,,,,,,,,,,,,,,,,,,
"Pilibhit, UP",6.0,,,,0.0,0.0,0.0,0.0,0.0,0.0,0.0,0.0,0.0,0.0,0.0,0.0,0.0,0.0,0.0,0.0
"Pithoragarh, UT",0.0,,,,,,,,,,,,,,,,,,,
"Porbandar, GJ",3.0,0.0,0.0,0.0,0.0,0.0,0.0,0.0,0.0,0.0,0.0,0.0,0.0,0.0,0.0,0.0,0.0,0.0,0.0,0.0
"Prakasam, AP",63.0,0.59,0.59,0.29,0.29,0.29,0.29,0.29,0.29,0.0,0.0,0.0,0.0,0.0,0.0,0.0,0.0,0.0,0.0,0.0
"Pratapgarh, RJ",0.0,,,,,,,,,,,,,,,,,,,
"Pratapgarh, UP",0.0,,,,,,,,,,,,,,,,,,,
"Pratapgarh(RJ), RJ",4.0,,,,,,,,,,0.0,0.0,0.0,0.0,0.0,0.0,0.0,0.0,0.0,0.0
"Pratapgarh(UP), UP",16.0,,,,0.0,0.0,0.0,0.0,0.32,0.32,0.32,0.32,0.32,0.0,0.0,0.0,0.0,0.0,0.63,0.32
"Prayagraj, UP",21.0,,0.0,0.0,0.0,0.0,0.0,0.0,0.67,0.17,0.34,0.34,0.34,0.67,0.67,0.34,0.34,0.34,0.67,0.67
"Puducherry, PY",10.0,,0.0,0.0,0.0,0.0,0.0,0.0,0.0,1.05,1.05,1.05,1.05,1.05,1.05,1.05,1.05,0.0,0.0,0.0
"Pudukkottai, TN",6.0,,,,,,,,,,,,,1.04,0.52,0.52,0.52,0.0,0.0,0.0
"Pulwama, JK",13.0,,,,,3.51,3.51,1.75,1.75,1.75,1.75,1.75,1.75,1.75,3.51,3.51,0.0,0.0,0.0,0.0
"Punch, JK",0.0,,,,,,,,,,,,,,,,,,,
"Pune, MH",3161.0,12.73,2.33,9.44,9.44,1.91,5.94,9.44,9.44,6.05,9.44,9.44,2.65,4.46,5.09,5.09,48.16,11.67,15.7,23.76
"Purba Bardhaman, WB",9.0,,,,,,,,,,,0.21,0.0,0.0,0.0,0.0,0.0,0.0,0.21,0.0
"Purbi Singhbhum, JH",0.0,,,,,,,,,,,,,,,,,,,
"Puri, OR",4.0,,,,,,,,,,,,,,,,,0.59,0.59,0.0
"Purnia, BR",4.0,,,,,,,,,,,,,0.0,0.0,0.0,0.0,0.0,0.31,0.0
"Purulia, WB",0.0,,,,,,,,,,,,,,,,,,,
"Rae Bareli, UP",50.0,0.0,0.0,0.0,0.0,0.0,0.0,0.0,0.0,0.0,0.0,0.0,0.29,0.29,0.0,0.0,0.0,0.29,0.29,0.29
"Raichur, KA",0.0,,,,,,,,,,,,,,,,,,,
"Raigarh(CG), CT",0.0,,,,,,,,,,,,,,,,,,,
"Raigarh(CT), CT",0.0,,,,,,,,,,,,,,,,,,,
"Raigarh(MH), MH",308.0,,,,,,,,,,,,,,,,,,,
"Raipur, CT",7.0,,,0.0,0.0,0.0,0.0,0.0,0.0,0.0,0.0,0.0,0.0,0.0,0.0,0.0,0.0,0.0,0.0,0.0
"Raisen, MP",65.0,0.0,0.0,3.75,9.01,1.5,6.01,1.5,1.5,1.5,1.5,3.0,3.75,3.75,0.75,0.75,0.75,0.75,0.75,0.0
"Rajanna Sircilla, TG",3.0,0.0,0.0,0.0,0.0,0.0,0.0,0.0,0.0,0.0,0.0,0.0,0.0,0.0,0.0,0.0,0.0,0.0,0.0,0.0
"Rajgarh, MP",0.0,,,,,,,,,,,,,,,,,,,0.0
"Rajkot, GJ",66.0,0.32,0.32,0.32,2.85,0.95,0.0,0.0,0.0,0.0,0.0,0.32,0.32,0.32,0.32,0.32,0.0,0.0,0.0,0.0
"Rajnandgaon, CT",1.0,0.0,0.0,0.0,0.0,0.0,0.0,0.0,0.0,0.0,0.0,0.0,0.0,0.0,0.0,0.0,0.0,0.0,0.0,0.0
"Rajouri, JK",4.0,0.0,0.0,0.0,0.0,0.0,0.0,0.0,0.0,0.0,0.0,0.0,0.0,0.0,0.0,0.0,0.0,0.0,0.0,0.0
"Rajsamand, RJ",26.0,,,,,,,,0.86,0.86,0.86,0.86,0.86,0.86,5.18,1.73,0.86,3.45,0.86,4.32
"Ramanagara, KA",0.0,,,,,,,,,,,,,,,,,,,
"Ramanathapuram, TN",31.0,1.5,1.5,0.0,0.0,0.0,0.0,1.5,1.5,1.5,1.5,0.75,0.75,0.75,0.75,1.5,0.75,2.99,0.0,0.0
"Ramban, JK",1.0,0.0,0.0,0.0,0.0,0.0,0.0,0.0,0.0,0.0,0.0,0.0,0.0,0.0,0.0,0.0,0.0,0.0,0.0,0.0
"Ramgarh, JH",0.0,,,,,,,,,,,,,,,,,,,
"Rampur, UP",31.0,,0.43,0.43,0.0,0.0,0.0,0.43,0.43,0.0,0.0,0.0,0.0,0.0,0.43,0.0,0.0,0.0,0.0,0.0
"Ranchi, JH",96.0,0.34,8.59,6.87,0.69,0.34,1.03,0.69,0.0,0.0,0.0,0.0,0.69,0.0,0.0,0.0,0.0,0.0,0.34,0.34
"Ranga Reddy, TG",36.0,0.78,0.78,0.78,0.0,0.0,0.0,0.0,0.78,0.0,0.0,0.0,0.0,0.0,0.0,0.0,0.0,0.0,0.0,0.0
"Ranipet, TN",75.0,,,,,,,0.83,0.83,0.83,0.83,0.0,0.0,0.0,0.83,0.83,4.96,0.83,7.44,0.0
"Ratlam, MP",28.0,0.0,0.0,0.0,0.0,0.0,0.0,1.38,0.0,0.0,0.0,0.0,0.0,1.38,1.38,0.0,0.0,0.0,0.0,2.75
"Ratnagiri, MH",60.0,0.0,0.0,0.0,0.0,0.0,0.0,0.0,0.0,0.62,0.0,0.0,0.0,0.62,0.62,0.62,11.16,3.72,8.06,3.1
"Rayagada, OR",0.0,,,,,,,,,,,,,,,,,,,
"Reasi, JK",3.0,,,,,,,,,,,,,,,,,,,
"Rewa, MP",3.0,,,,,,,,,,,,,,,,,,0.0,0.0
"Rewari, HR",5.0,,,,,,,,,,,,,,,,,,,
"Ribhoi, ML",0.0,,,,,,,,,,,,,,,,,,,
"Rohtak, HR",7.0,0.0,0.0,0.0,0.0,0.0,0.0,0.0,0.0,0.0,0.0,0.0,0.0,0.0,0.0,0.0,0.0,0.0,0.0,0.0
"Rohtas, BR",75.0,0.68,2.03,5.4,0.68,0.68,3.71,2.36,0.0,0.0,0.0,0.0,0.0,0.0,0.68,0.68,0.34,0.34,0.34,1.01
"Rudraprayag, UT",0.0,,,,,,,,,,,,,,,,,,,
"Rupnagar, PB",56.0,,,,,,,1.46,1.46,11.71,0.0,0.0,0.0,0.0,0.0,0.0,51.22,1.46,1.46,1.46
"S.A.S. Nagar, PB",102.0,0.0,0.0,0.0,0.0,8.11,13.18,6.08,2.03,1.01,1.01,1.01,1.01,1.01,1.01,1.01,1.01,0.0,0.0,0.0
"S.P.S. Nellore, AP",111.0,1.35,1.35,1.35,1.01,1.35,1.35,1.35,1.35,0.34,1.35,1.35,1.35,1.35,0.67,0.67,0.67,0.34,3.03,0.0
"Sabar Kantha, GJ",27.0,0.0,0.0,0.0,0.0,0.0,0.0,0.0,,,,1.65,0.41,1.65,1.65,1.65,1.65,1.24,0.41,0.0
"Sagar, MP",10.0,0.0,0.0,0.0,0.0,0.0,0.0,0.0,0.0,0.0,0.0,0.0,0.0,0.0,0.0,0.0,1.68,1.68,0.0,0.0
"Saharanpur, UP",192.0,10.68,6.06,2.31,2.31,2.31,2.31,1.44,2.89,7.22,7.22,1.44,1.44,1.44,1.44,1.44,1.44,0.0,0.0,0.0
"Saharsa, BR",10.0,,,,,,,,,,,,,,,,,0.53,0.0,0.0
"Sahibganj, JH",0.0,,,,,,,,,,,,,,,,,,,
"Saiha, MZ",0.0,,,,,,,,,,,,,,,,,,,
"Saitual, MZ",0.0,,,,,,,,,,,,,,,,,,,
"Salem, TN",35.0,0.29,0.29,0.0,0.0,0.0,0.0,0.29,0.29,0.0,0.0,0.0,0.29,0.0,0.0,0.0,0.0,0.0,0.0,0.0
"Samastipur, BR",11.0,,,,,,,,,,,,,,,0.24,0.24,0.24,0.24,0.24
"Samba, JK",11.0,,,,,,,,,3.14,0.0,0.0,0.0,0.0,0.0,0.0,0.0,0.0,0.0,0.0
"Sambalpur, OR",0.0,,,,,,,,,,,,,,,,,,,
"Sambhal, UP",30.0,1.8,0.45,1.8,1.8,1.8,1.8,0.45,1.8,1.8,0.45,0.45,0.45,0.45,2.26,1.8,1.8,0.9,0.0,0.0
"Sangareddy, TG",7.0,0.0,0.0,0.0,0.0,0.0,0.0,0.0,0.0,0.0,0.0,0.0,0.0,0.0,0.0,0.0,0.0,0.0,0.0,0.0
"Sangli, MH",41.0,0.0,0.0,0.35,0.35,0.35,0.0,0.0,0.0,0.0,0.0,0.0,0.35,0.0,0.0,0.0,0.0,0.35,0.35,1.06
"Sangrur, PB",88.0,,,,,,1.21,1.21,1.21,2.42,31.43,13.3,1.21,0.6,0.0,0.0,0.0,0.0,0.0,0.0
"Sant Kabir Nagar, UP",32.0,11.08,5.25,5.25,5.25,5.25,5.25,5.25,0.58,11.08,11.08,11.08,11.08,2.33,2.33,2.33,2.33,2.33,11.08,11.08
"Saraikela-Kharsawan, JH",0.0,,,,,,,,,,,,,,,,,,,
"Saraikela-kharsawan, JH",0.0,,,,,,,,,,,,,,,,,,,
"Saran, BR",10.0,0.25,0.25,0.25,0.0,0.0,0.0,0.25,0.25,0.25,0.0,0.0,0.0,0.0,0.0,0.0,0.0,0.0,0.0,0.25
"Satara, MH",125.0,3.0,0.33,0.33,0.33,0.33,0.33,0.33,0.33,0.33,1.0,1.0,3.33,1.66,1.0,1.0,6.99,0.67,0.67,0.67
"Satna, MP",7.0,,,,,,,,,,,,,,,,0.45,0.45,0.45,0.9
"Sawai Madhopur, RJ",16.0,0.0,0.0,0.0,0.0,0.0,0.0,0.0,0.0,0.0,0.0,0.0,0.0,0.0,0.0,0.0,1.49,1.49,1.49,1.49
"Sehore, MP",4.0,,,,,,,,,,,,,,,,,,1.53,1.53
"Senapati, MN",0.0,,,,,,,,,,,,,,,,,,,
"Seoni, MP",1.0,,,,,,,,,,,,,,,,,,0.0,0.0
"Serchhip, MZ",0.0,,,,,,,,,,,,,,,,,,,
"Shahdol, MP",3.0,,,,,,,0.0,0.0,0.0,0.0,0.0,0.0,0.0,0.0,0.0,0.0,0.0,0.0,0.0
"Shahid Bhagat Singh Nagar, PB",104.0,,,1.63,1.63,1.63,1.63,0.0,0.0,0.0,0.0,0.0,0.0,1.63,1.63,0.0,0.0,0.0,0.0,0.0
"Shahjahanpur, UP",1.0,0.0,0.0,0.0,0.0,0.0,0.0,0.0,0.0,0.0,0.0,0.0,0.0,0.0,0.0,0.0,0.0,0.0,0.0,0.0
"Shajapur, MP",8.0,,,,,,,,0.0,0.0,0.0,0.0,0.0,0.0,0.0,0.0,0.0,0.0,0.0,0.0
"Shamli, UP",32.0,0.0,0.0,0.0,0.0,0.0,0.0,0.0,0.0,0.0,0.0,0.0,0.0,0.0,0.0,0.0,0.0,0.0,0.0,0.0
"Sheikhpura, BR",10.0,,,,,,,,,,,,,,,,9.45,9.45,9.45,9.45
"Sheohar, BR",3.0,,,,,,,,,,,,,1.52,0.0,0.0,0.0,0.0,0.0,0.0
"Sheopur, MP",4.0,0.0,0.0,0.0,0.0,0.0,0.0,0.0,0.0,0.0,0.0,0.0,0.0,0.0,0.0,0.0,0.0,0.0,0.0,0.0
"Shi Yomi, AR",0.0,,,,,,,,,,,,,,,,,,,
"Shimla, HP",1.0,,,,,,,,,,,,,0.0,0.0,0.0,0.0,0.0,0.0,0.0
"Shivamogga, KA",8.0,,,,,,,,,,,,,,,,,0.0,0.0,0.0
"Shivpuri, MP",3.0,,,,,,,,,,,,,0.0,0.0,0.0,0.0,0.0,0.0,0.0
"Shrawasti, UP",12.0,,0.9,0.0,0.0,0.0,0.0,0.0,0.0,0.9,0.9,0.9,0.9,0.9,0.9,0.9,0.9,0.0,0.0,0.0
"Shupiyan, JK",105.0,11.28,33.84,33.84,11.28,33.84,33.84,7.52,11.28,,,22.56,18.8,15.04,22.56,22.56,11.28,22.56,22.56,3.76
"Siang, AR",0.0,,,,,,,,,,,,,,,,,,,
"Siddharthnagar, UP",30.0,,,,,,,,,,3.92,3.92,1.17,1.17,0.78,0.78,0.78,0.78,0.78,2.35
"Siddipet, TG",1.0,0.0,0.0,0.0,0.0,0.0,0.0,0.0,0.0,0.0,0.0,0.0,0.0,0.0,0.0,0.0,0.0,0.0,0.0,0.0
"Sidhi, MP",1.0,,,,,,,,,,,,,,,,,,,
"Sikar, RJ",12.0,0.0,0.0,0.37,0.37,0.0,0.0,0.0,0.0,0.0,0.0,0.37,0.37,0.37,0.37,0.0,0.0,0.0,0.0,0.37
"Simdega, JH",2.0,0.0,0.0,0.0,0.0,0.0,0.0,0.0,0.0,0.0,0.0,0.0,0.0,0.0,0.0,0.0,0.0,0.0,0.0,0.0
"Sindhudurg, MH",7.0,,,,,,0.0,0.0,0.0,0.0,0.0,0.0,0.0,1.18,1.18,1.18,1.18,0.0,0.0,0.0
"Singrauli, MP",0.0,,,,,,,,,,,,,,,,,,,
"Sipahijala, TR",0.0,,,,,,,,,,,,,,,,,,,
"Sirmaur, HP",2.0,,,0.0,0.0,0.0,0.0,0.0,0.0,0.0,0.0,0.0,0.0,0.0,0.0,0.0,0.0,0.0,0.0,0.0
"Sirohi, RJ",14.0,,,,,,,,,,,,,,,0.96,0.96,6.75,0.96,0.96
"Sirsa, HR",7.0,,,,,,,,0.0,0.0,0.0,0.0,0.0,0.0,0.0,0.0,0.0,0.0,0.0,0.0
"Sitamarhi, BR",7.0,,,,,,1.17,0.0,0.0,0.0,0.0,0.0,0.0,0.0,0.0,0.0,0.0,0.0,0.0,0.0
"Sitapur, UP",26.0,,0.0,0.0,0.0,0.0,0.0,0.0,0.0,0.0,0.0,0.0,0.0,0.0,0.0,0.45,0.45,0.45,0.0,0.0
"Sivaganga, TN",12.0,0.0,0.0,0.0,0.0,0.0,0.0,0.0,0.0,0.0,0.0,0.0,0.0,0.0,0.0,0.0,0.0,0.0,0.0,0.0
"Sivasagar, AS",0.0,,,,,,,,,,,,,,,,,,,
"Siwan, BR",38.0,0.0,0.0,0.0,0.0,0.0,0.0,0.0,0.0,0.0,0.3,0.3,0.0,0.0,0.0,0.0,0.0,0.0,0.0,1.21
"Solan, HP",9.0,0.0,0.0,0.0,0.0,0.0,0.0,0.0,0.0,0.0,0.0,0.0,0.0,0.0,0.0,0.0,0.0,0.0,0.0,0.0
"Solapur, MH",320.0,3.01,0.23,1.16,1.16,0.7,3.24,1.16,1.16,0.23,1.16,1.16,10.43,1.85,0.46,1.16,13.9,10.66,4.87,0.7
"Sonbhadra, UP",1.0,,,,,,,,,,,,,,,,,0.0,0.0,0.0
"Sonipat, HR",120.0,2.03,0.68,1.35,1.35,0.68,2.03,2.03,2.03,2.03,19.59,3.38,2.03,2.03,1.35,2.03,7.43,3.38,10.13,0.0
"Sonitpur, AS",0.0,,,,,,,,,,,,,,,,,,,
"South 24 Parganas, WB",74.0,0.12,0.12,0.12,0.12,0.12,0.12,0.12,0.12,0.12,0.12,0.61,1.35,0.25,0.49,0.25,0.12,0.61,1.1,0.25
"South Andaman, AN",32.0,21.0,0.0,0.0,0.0,0.0,0.0,0.0,0.0,0.0,0.0,0.0,0.0,0.0,0.0,0.0,0.0,0.0,0.0,0.0
"South District, SK",0.0,,,,,,,,,,,,,,,,,,,
"South Garo Hills, ML",0.0,,,,,,,,,,,,,,,,,,,
"South Goa, GA",1.0,0.0,0.0,0.0,0.0,0.0,0.0,0.0,0.0,0.0,0.0,0.0,0.0,0.0,0.0,0.0,0.0,0.0,0.0,0.0
"South Salmara Mancachar, AS",1.0,0.0,0.0,0.0,0.0,0.0,0.0,0.0,,0.0,0.0,0.0,0.0,0.0,0.0,0.0,0.0,0.0,0.0,0.0
"South Tripura, TR",0.0,,,,,,,,,,,,,,,,,,,
"South West Garo Hills, ML",0.0,,,,,,,,,,,,,,,,,,,
"South West Khasi Hills, ML",0.0,,,,,,,,,,,,,,,,,,,
"Sri Muktsar Sahib, PB",65.0,,,,,,,3.32,3.32,47.63,3.32,3.32,1.11,0.0,0.0,0.0,0.0,0.0,0.0,0.0
"Srikakulam, AP",5.0,,,,0.37,0.37,0.0,0.0,0.0,0.0,0.0,0.0,0.0,0.0,0.0,0.0,0.0,0.0,0.0,0.0
"Srinagar, JK",136.0,,1.58,0.79,1.58,1.58,1.58,1.58,11.81,1.58,1.58,3.15,8.66,1.58,2.36,1.58,3.94,0.0,0.0,0.0
"Subarnapur, OR",0.0,,,,,,,,,,,,,,,,,,,
"Sukma, CT",0.0,,,,,,,,,,,,,,,,,,,
"Sultanpur, UP",9.0,0.0,0.0,0.0,0.0,0.0,0.0,0.0,0.0,0.0,0.0,0.0,0.0,0.0,0.0,0.0,0.0,0.53,0.53,0.53
"Sundargarh, OR",23.0,,,1.92,1.92,0.0,0.0,0.0,0.0,0.0,0.0,0.48,0.48,0.48,0.48,0.48,1.92,1.92,1.92,1.92
"Supaul, BR",7.0,,,,,,,,,,,,,,,,,,0.45,1.35
"Surajpur, CT",6.0,,,,,,,,,0.0,0.0,0.0,0.0,0.0,0.0,0.0,0.0,0.0,0.0,0.0
"Surat, GJ",967.0,6.8,6.0,6.0,2.8,6.2,2.6,5.2,3.4,5.8,4.0,3.4,6.2,9.01,5.0,6.0,8.21,3.8,6.0,4.6
"Surendranagar, GJ",3.0,,,,,,,,,,,,,,,,,0.0,0.0,0.0
"Surguja, CT",0.0,,,,,,,,,,,,,,,,,,,
"Suryapet, TG",83.0,8.19,8.19,8.19,0.0,0.0,0.0,0.0,0.0,0.0,0.0,0.0,0.0,0.0,0.0,0.0,0.0,0.0,0.0,0.0
"Tamenglong, MN",0.0,,,,,,,,,,,,,,,,,,,
"Tapi, GJ",2.0,,,,,,,,,0.0,0.0,0.0,0.0,0.0,0.0,0.0,0.0,0.0,0.0,0.0
"Tarn Taran, PB",158.0,,,,,6.25,6.25,1.79,1.79,1.79,1.79,41.96,14.28,38.39,9.82,2.68,2.68,2.68,0.0,0.0
"Tawang, AR",0.0,,,,,,,,,,,,,,,,,,,
"Tehri Garhwal, UT",0.0,,,,,,,,,,,,,,,,,,,
"Tengnoupal, MN",0.0,,,,,,,,,,,,,,,,,,,
"Tenkasi, TN",50.0,3.55,0.0,0.0,0.0,0.0,0.0,0.0,0.0,0.0,6.39,0.71,0.71,0.71,0.71,0.0,0.0,0.0,0.0,0.0
"Thane, MH",3065.0,11.03,1.9,2.71,2.71,5.24,5.52,2.71,2.71,5.06,2.71,2.71,19.17,24.68,14.83,18.44,17.27,13.02,20.07,22.69
"Thanjavur, TN",65.0,0.0,0.0,0.0,0.0,0.0,0.0,0.0,0.0,0.0,0.0,0.42,0.42,0.83,0.42,0.42,0.42,0.42,0.42,0.42
"The Dangs, GJ",0.0,,,,,,,,,,,,,,,,,,,
"The Nilgiris, TN",0.0,0.0,0.0,0.0,0.0,0.0,0.0,0.0,,,,,,,,,,,,
"Theni, TN",72.0,,,,,,,,,,,,1.61,2.41,0.8,1.61,2.41,1.61,1.61,4.02
"Thiruvallur, TN",495.0,0.54,0.54,0.27,0.27,0.27,0.27,1.61,2.15,0.54,2.42,5.37,9.13,16.91,20.13,6.98,12.62,26.04,7.25,6.71
"Thiruvananthapuram, KL",17.0,0.0,0.0,0.0,0.0,0.0,0.0,0.0,0.0,0.0,0.0,0.0,0.0,0.0,0.0,0.0,0.0,0.0,0.0,0.0
"Thiruvarur, TN",33.0,0.0,0.0,0.0,0.0,0.0,0.0,0.0,0.0,0.0,0.0,0.79,0.79,0.0,0.0,0.0,0.0,0.0,0.0,0.0
"Thoothukudi, TN",36.0,,,,,,,,,,,,,0.58,0.0,0.0,0.0,0.0,1.15,0.58
"Thoubal, MN",0.0,,,,,,,,,,,,,,,,,,,
"Thrissur, KL",15.0,,,,,,,,,,,,,,,,,0.0,0.0,0.0
"Tikamgarh, MP",3.0,0.0,0.0,0.0,0.0,0.0,0.0,0.0,0.0,0.0,0.0,0.0,0.0,0.0,0.0,0.0,0.0,0.0,0.0,0.0
"Tinsukia, AS",0.0,,,,,,,,,,,,,,,,,,,
"Tirap, AR",0.0,,,,,,,,,,,,,,,,,,,
"Tiruchirappalli, TN",65.0,0.0,0.0,0.0,0.0,0.0,0.0,0.0,0.0,0.0,0.0,0.37,0.37,1.84,0.37,0.0,0.0,0.0,0.0,0.0
"Tirunelveli, TN",101.0,0.0,0.0,0.0,0.0,0.0,0.0,0.0,0.0,0.0,0.0,0.0,0.6,1.8,2.4,5.4,6.01,0.6,0.6,3.0
"Tirupathur, TN",28.0,0.0,0.0,0.0,0.0,0.0,0.0,0.0,0.0,0.0,0.0,0.9,0.9,1.8,0.9,3.6,0.9,0.0,0.0,0.0
"Tiruppur, TN",114.0,0.4,0.4,0.0,0.0,0.0,0.0,0.0,0.0,0.0,0.0,0.0,0.0,0.0,0.0,0.0,0.0,0.0,0.0,0.0
"Tiruvannamalai, TN",129.0,0.41,0.0,0.0,0.0,0.0,0.0,0.0,0.0,0.0,4.46,0.41,0.41,6.89,4.46,6.08,0.41,0.41,5.27,9.32
"Tonk, RJ",144.0,1.41,1.41,1.41,5.63,1.41,1.41,0.0,0.0,0.0,0.0,0.0,0.0,0.0,0.0,0.0,0.0,1.41,1.41,1.41
"Tuensang, NL",0.0,,,,,,,,,,,,,,,,,,,
"Tumakuru, KA",11.0,0.0,0.0,0.0,0.0,0.0,0.0,0.75,0.75,0.0,0.0,0.0,0.0,0.0,0.0,0.0,0.0,0.0,0.0,0.0
"Udaipur, RJ",257.0,,,0.33,0.33,0.33,0.0,0.0,0.0,1.63,0.33,0.0,0.0,0.0,19.23,7.82,9.78,15.97,13.69,10.76
"Udalguri, AS",0.0,,,,,,,,,,,,,,,,,,,
"Udham Singh Nagar, UT",13.0,,,,,,,0.0,0.0,0.0,0.0,0.0,0.0,0.0,0.0,2.43,0.0,0.0,0.0,0.0
"Udhampur, JK",22.0,,,,,,,,,,,,1.8,1.8,0.0,0.0,0.0,0.0,0.0,0.0
"Udupi, KA",3.0,0.0,0.0,0.0,0.0,0.0,0.0,0.0,0.0,0.0,0.0,0.0,0.0,0.0,0.0,0.0,0.0,0.0,0.0,0.0
"Ujjain, MP",269.0,0.5,1.51,6.54,2.01,2.01,5.54,4.53,17.62,17.62,5.03,9.06,17.62,17.62,9.56,3.52,5.03,17.62,17.62,2.52
"Ukhrul, MN",0.0,,,,,,,,,,,,,,,,,,,
"Umaria, MP",0.0,,,,,,,,,,,,,,,,,,,
"Una, HP",17.0,,,,,,,,,,,,,,,0.0,0.0,0.0,0.0,0.0
"Unnao, UP",6.0,,,,,,,,0.32,0.0,0.0,0.0,0.0,0.0,0.0,0.0,0.32,0.0,0.0,0.0
"Unokoti, TR",0.0,,,,,,,,,,,,,,,,,,,
"Upper Dibang Valley, AR",0.0,,,,,,,,,,,,,,,,,,,
"Upper Siang, AR",0.0,,,,,,,,,,,,,,,,,,,
"Upper Subansiri, AR",0.0,,,,,,,,,,,,,,,,,,,
"Uttar Bastar Kanker, CT",0.0,,,,,,,,,,,,,,,,,,,
"Uttar Dinajpur, WB",4.0,,,,,,,,,,,,,,,,,,,
"Uttara Kannada, KA",41.0,0.0,0.0,0.0,0.0,0.0,0.0,0.0,0.0,0.0,0.0,0.0,4.43,4.43,4.43,5.91,5.17,2.22,2.22,2.22
"Uttarkashi, UT",1.0,,,,,,,,,,,,,,,,,0.0,0.0,0.0
"Vadodara, GJ",592.0,1.92,1.1,1.65,4.12,4.12,5.22,5.22,4.67,6.87,9.62,5.49,4.4,5.22,6.87,7.69,6.87,7.97,7.42,4.95
"Vaishali, BR",4.0,,0.0,0.0,0.0,0.0,0.0,0.0,0.0,0.0,0.0,0.0,0.0,0.0,0.0,0.0,0.0,0.0,0.0,0.0
"Valsad, GJ",6.0,0.0,0.0,0.0,0.0,0.0,0.0,0.0,0.0,0.0,0.0,0.0,0.0,0.0,0.0,0.0,0.0,0.0,0.0,0.0
"Varanasi, UP",90.0,1.9,1.9,1.9,1.9,1.9,1.9,0.81,0.81,0.81,1.9,1.9,2.44,1.9,1.9,1.09,0.27,0.81,0.27,0.81
"Vellore, TN",35.0,,,,,,,,,,,,,0.62,0.0,0.0,0.0,0.62,0.62,0.0
"Vidisha, MP",13.0,0.0,0.0,0.0,0.0,0.0,0.0,0.0,0.0,0.0,0.0,0.0,0.0,0.0,0.0,0.0,0.0,0.0,0.0,0.0
"Vijayapura, KA",52.0,0.46,0.46,0.46,0.46,0.46,0.46,0.46,0.92,0.92,0.92,0.92,0.92,0.46,0.46,0.46,0.92,0.92,0.92,0.92
"Vikarabad, TG",37.0,0.0,0.0,0.0,0.0,0.0,0.0,0.0,0.0,0.0,0.0,0.0,0.0,0.0,0.0,0.0,0.0,0.0,0.0,0.0
"Viluppuram, TN",316.0,0.48,1.91,0.48,0.48,0.48,0.48,0.48,0.96,15.77,23.41,11.94,2.39,21.5,10.03,32.01,2.87,0.48,0.48,3.34
"Virudhunagar, TN",45.0,1.03,3.6,0.0,0.0,0.0,0.0,0.0,0.0,0.0,0.0,0.51,0.0,0.0,0.0,0.51,0.51,0.51,2.06,0.0
"Visakhapatnam, AP",66.0,0.0,0.0,0.0,0.0,0.0,0.47,0.47,0.93,0.47,0.47,0.47,0.47,1.63,2.57,1.17,0.23,0.7,0.0,0.0
"Vizianagaram, AP",4.0,,,,,,,,,,,,,,,0.0,0.0,0.0,0.0,0.0
"Wanaparthy, TG",0.0,,,,,,,,,,,,,,,,,,,
"Warangal Rural, TG",0.0,,,,,,,,,,,,,,,,,,,
"Warangal Urban, TG",27.0,,4.4,4.4,0.0,0.0,0.0,0.0,0.0,0.0,0.0,0.0,0.0,0.0,0.0,0.0,0.0,0.0,0.0,0.0
"Wardha, MH",1.0,,,,,,,,,,,,,,,,,,0.0,0.0
"Washim, MH",3.0,,,,,,0.0,0.0,0.0,0.0,0.0,0.0,0.0,0.0,0.0,0.0,0.0,0.0,0.0,0.84
"Wayanad, KL",13.0,,,,,,,,,1.22,1.22,1.22,0.0,0.0,0.0,0.0,0.0,1.22,1.22,1.22
"West Champaran, BR",25.0,,,,,,,,,,0.25,0.0,0.0,0.0,0.0,0.0,0.0,0.0,0.0,0.0
"West District, SK",0.0,,,,,,,,,,,,,,,,,,,
"West Garo Hills, ML",0.0,,,,,,,,,,,,,,,,,,,
"West Godavari, AP",68.0,,,0.76,0.76,0.76,0.76,0.76,0.25,0.0,0.0,0.0,0.0,0.0,0.0,0.0,0.0,0.0,0.0,0.0
"West Jaintia Hills, ML",0.0,,,,,,,,,,,,,,,,,,,
"West Kameng, AR",0.0,,,,,,,,,,,,,,,,,,,
"West Karbi Anglong, AS",0.0,,,,,,,,,,,,,,,,,,,
"West Khasi Hills, ML",0.0,,,,,,,,,,,,,,,,,,,
"West Siang, AR",0.0,,,,,,,,,,,,,,,,,,,
"West Singhbhum, JH",0.0,,,,,,,,,,,,,,,,,,,
"West Tripura, TR",0.0,,,,,,,,,,,,,,,,,,,
"Wokha, NL",0.0,,,,,,,,,,,,,,,,,,,
"Y.S.R., AP",97.0,0.69,1.04,0.69,0.69,1.39,1.39,2.08,,,,0.69,0.35,2.08,0.35,0.35,0.35,0.0,0.0,0.0
"Yadadri Bhuvanagiri, TG",12.0,,,,,,,,,,,,,,,,,,,
"Yadgir, KA",2.0,,,,,,,,,,,,,,,,,,,
"Yamunanagar, HR",8.0,,,,,,,,,1.65,1.65,1.65,0.0,0.0,0.0,0.0,0.0,0.0,0.0,0.0
"Yanam, PY",0.0,,,,,,,,,,,,,,,,,,,
"Yavatmal, MH",99.0,0.72,7.21,0.72,0.72,2.88,0.0,0.0,0.0,0.0,0.0,0.0,0.72,0.72,0.72,0.72,0.72,0.36,0.36,0.36
"Zunheboto, NL",0.0,,,,,,,,,,,,,,,,,,,
