district,state,cases,deaths,current_avg_growth_rate,day0,day1,day2,day3,day4,population,state_code,cases_per_million
Adilabad,Telangana,21.0,0.0,,,,,,,708952.0,TG,29.621187330030807
Agar Malwa,Madhya Pradesh,13.0,1.0,,,,,,,,MP,
Agra,Uttar Pradesh,791.0,24.0,4.79,7.62,7.39,7.01,7.16,4.79,4380793.0,UP,180.56091671074162
Ahmadabad,Gujarat,6645.0,446.0,7.39,11.42,9.6,8.58,7.85,7.39,7208200.0,GJ,921.8667628534171
Ahmadnagar,Maharashtra,64.0,3.0,11.05,17.02,8.45,10.9,12.71,11.05,4543083.0,MH,14.087349933954544
Airport Quarantine,Tamil Nadu,9.0,0.0,,,,,,,,TN,
Aizawl,Mizoram,1.0,0.0,,,,,,,404054.0,MZ,2.474916719052404
Ajmer,Rajasthan,235.0,5.0,7.41,9.44,9.65,10.35,9.55,7.41,2584913.0,RJ,90.9121506217037
Akola,Maharashtra,192.0,12.0,9.7,19.52,20.06,14.28,11.37,9.7,1818617.0,MH,105.57473068820978
Alappuzha,Kerala,5.0,0.0,,,,,,,2121943.0,KL,2.356330966477422
Aligarh,Uttar Pradesh,63.0,3.0,5.03,8.53,8.0,5.59,5.29,5.03,3673849.0,UP,17.14822792118021
Alipurduar,West Bengal,0.0,0.0,,,,,,,1700000.0,WB,0.0
Alirajpur,Madhya Pradesh,3.0,0.0,,,,,,,728677.0,MP,4.1170504901348615
Almora,Uttarakhand,2.0,0.0,,,,,,,621927.0,UT,3.2158115019929987
Alwar,Rajasthan,32.0,2.0,7.55,16.61,15.28,9.73,8.5,7.55,3671999.0,RJ,8.714599323147963
Ambala,Haryana,42.0,2.0,0.0,16.67,6.67,0.0,0.0,0.0,1136784.0,HR,36.94633281256598
Ambedkar Nagar,Uttar Pradesh,2.0,0.0,,,,,,,2398709.0,UP,0.8337818384806159
Amethi,Uttar Pradesh,11.0,0.0,41.67,,,,,41.67,2549935.0,UP,4.3138354507075665
Amravati,Maharashtra,89.0,13.0,4.63,10.3,9.14,8.23,6.7,4.63,2887826.0,MH,30.819031340530906
Amreli,Gujarat,1.0,0.0,,,,,,,1513614.0,GJ,0.6606704219173449
Amritsar,Punjab,298.0,4.0,0.34,6.24,6.32,6.4,1.32,0.34,2490891.0,PB,119.63590538486028
Amroha,Uttar Pradesh,32.0,1.0,0.0,0.0,0.0,0.0,0.0,0.0,1838771.0,UP,17.40292836900299
Anand,Gujarat,80.0,7.0,2.56,5.59,5.29,4.72,3.61,2.56,2090276.0,GJ,38.272457799831216
Anantapur,Andhra Pradesh,118.0,4.0,5.73,10.95,10.53,10.89,10.31,5.73,4083315.0,AP,28.898088930195197
Anantnag,Jammu and Kashmir,145.0,1.0,3.42,2.51,2.31,0.35,0.35,3.42,1070144.0,JK,135.49578374499134
Angul,Odisha,15.0,0.0,,,,,,,1271703.0,OR,11.795206899724226
Anjaw,Arunachal Pradesh,0.0,0.0,,,,,,,21089.0,AR,0.0
Anugul,Odisha,0.0,0.0,,,,,,,1271703.0,OR,0.0
Anuppur,Madhya Pradesh,3.0,0.0,,,,,,,749521.0,MP,4.002556299289813
Araria,Bihar,4.0,0.0,,,,,,,2806200.0,BR,1.4254151521630674
Aravalli,Gujarat,76.0,2.0,6.46,104.87,96.25,90.22,85.85,6.46,1051746.0,GJ,72.26079300515524
Ariyalur,Tamil Nadu,338.0,0.0,21.46,18.75,19.47,29.94,21.21,21.46,752481.0,TN,449.18077665748365
Arwal,Bihar,12.0,0.0,,,,,,,700843.0,BR,17.122237077348274
Ashoknagar,Madhya Pradesh,2.0,1.0,,,,,,,844979.0,MP,2.3669227282571517
Auraiya,Uttar Pradesh,18.0,0.0,16.67,20.0,0.0,0.0,10.0,16.67,1372287.0,UP,13.116789709441244
Aurangabad,Bihar,0.0,0.0,,,,,,,2511243.0,BR,0.0
Aurangabad(BR),Bihar,18.0,0.0,21.67,0.0,0.0,10.0,16.67,21.67,2511243.0,BR,7.167765126672329
Aurangabad(MH),Maharashtra,680.0,15.0,21.31,16.92,29.06,23.1,22.96,21.31,3695928.0,MH,183.98626813076442
Azamgarh,Uttar Pradesh,9.0,0.0,,,,,,,4616509.0,UP,1.9495250632025196
Badgam,Jammu and Kashmir,0.0,0.0,,,,,,,735753.0,JK,0.0
Bagalkote,Karnataka,68.0,1.0,11.11,28.14,26.14,2.5,11.11,11.11,1890826.0,KA,35.96311876396876
Bageshwar,Uttarakhand,0.0,0.0,,,,,,,259840.0,UT,0.0
Baghpat,Uttar Pradesh,25.0,0.0,20.0,10.0,0.0,0.0,20.0,20.0,1302156.0,UP,19.198928546195692
Bahraich,Uttar Pradesh,26.0,0.0,18.16,12.5,15.58,16.91,18.16,18.16,2384239.0,UP,10.904947029219803
Baksa,Assam,0.0,0.0,,,,,,,953773.0,AS,0.0
Balaghat,Madhya Pradesh,0.0,0.0,,,,,,,1701156.0,MP,0.0
Balangir,Odisha,2.0,0.0,,,,,,,1648574.0,OR,1.2131696848306477
Baleshwar,Odisha,90.0,0.0,25.0,7.38,4.96,6.19,6.39,25.0,2317419.0,OR,38.83630884186243
Ballari,Karnataka,17.0,0.0,,,,,,,2532383.0,KA,6.713044590806367
Ballia,Uttar Pradesh,1.0,0.0,,,,,,,3223642.0,UP,0.31020814346009884
Balod,Chhattisgarh,0.0,0.0,,,,,,,826165.0,CT,0.0
Baloda Bazar,Chhattisgarh,0.0,0.0,,,,,,,1305343.0,CT,0.0
Balrampur,Chhattisgarh,0.0,0.0,,,,,,,598855.0,CT,0.0
Balrampur(CT),Chhattisgarh,0.0,0.0,,,,,,,598855.0,CT,0.0
Balrampur(UP),Uttar Pradesh,2.0,0.0,,,,,,,2149066.0,UP,0.9306368440987852
Bametara,Chhattisgarh,0.0,0.0,,,,,,,197035.0,CT,0.0
Banas Kantha,Gujarat,82.0,3.0,2.85,22.12,15.08,6.56,5.64,2.85,3116045.0,GJ,26.31540943728348
Banda,Uttar Pradesh,21.0,0.0,9.58,26.19,28.69,30.91,12.91,9.58,1799541.0,UP,11.669642425485165
Bandipore,Jammu and Kashmir,134.0,1.0,0.0,3.76,2.43,1.18,0.0,0.0,385099.0,JK,347.9624719877226
Banka,Bihar,11.0,0.0,,,,,,,2029339.0,BR,5.420484206926492
Bankura,West Bengal,0.0,0.0,,,,,,,3596292.0,WB,0.0
Banswara,Rajasthan,68.0,1.0,0.0,0.0,0.0,0.0,0.0,0.0,1798194.0,RJ,37.81571954972601
Bara Banki,Uttar Pradesh,7.0,0.0,,,,,,,3257983.0,UP,2.148568608246268
Baramula,Jammu and Kashmir,110.0,3.0,2.13,2.33,2.28,2.22,2.18,2.13,1015503.0,JK,108.32070412396617
Baran,Rajasthan,3.0,0.0,,,,,,,1223921.0,RJ,2.4511385947295623
Bareilly,Uttar Pradesh,11.0,1.0,0.0,0.0,0.0,0.0,0.0,0.0,4465344.0,UP,2.463416032449012
Bargarh,Odisha,0.0,0.0,,,,,,,1478833.0,OR,0.0
Barmer,Rajasthan,8.0,0.0,,,,,,,2604453.0,RJ,3.0716622645906835
Barnala,Punjab,21.0,1.0,0.0,41.67,21.67,11.67,5.0,0.0,596294.0,PB,35.217526924637845
Barpeta,Assam,0.0,0.0,,,,,,,1693190.0,AS,0.0
Barwani,Madhya Pradesh,26.0,0.0,,,,,,,1385659.0,MP,18.763635208951122
Bastar,Chhattisgarh,0.0,0.0,,,,,,,1302253.0,CT,0.0
Basti,Uttar Pradesh,41.0,1.0,6.09,16.9,14.1,13.42,9.42,6.09,2461056.0,UP,16.65951526499194
Bathinda,Punjab,40.0,0.0,0.0,47.33,27.33,17.33,4.0,0.0,1388859.0,PB,28.800619789337865
Baudh,Odisha,0.0,0.0,,,,,,,439917.0,OR,0.0
Begusarai,Bihar,47.0,0.0,,,,,,,2954367.0,BR,15.908653190345007
Belagavi,Karnataka,113.0,1.0,6.09,9.7,12.03,11.55,11.09,6.09,4778439.0,KA,23.64789003270733
Bengaluru,Karnataka,184.0,7.0,4.78,6.49,6.04,5.7,6.25,4.78,9588910.0,KA,19.188833767341645
Bengaluru Rural,Karnataka,6.0,0.0,,,,,,,987257.0,KA,6.077444880107207
Betul,Madhya Pradesh,1.0,0.0,,,,,,,1575247.0,MP,0.6348210788530306
Bhadohi,Uttar Pradesh,3.0,0.0,,,,,,,1554203.0,UP,1.9302497807557957
Bhadradri Kothagudem,Telangana,4.0,0.0,,,,,,,1304811.0,TG,3.0655780798904977
Bhadrak,Odisha,31.0,0.0,5.63,4.56,8.36,7.41,6.5,5.63,1506522.0,OR,20.577197014049574
Bhagalpur,Bihar,32.0,0.0,47.14,,,,50.0,47.14,3032226.0,BR,10.553303084928368
Bhandara,Maharashtra,1.0,0.0,,,,,,,1198810.0,MH,0.8341605425380169
Bharatpur,Rajasthan,121.0,2.0,5.13,4.29,0.95,0.0,2.73,5.13,2549121.0,RJ,47.46734266439294
Bharuch,Gujarat,32.0,2.0,,,,,,,1550822.0,GJ,20.634218498318955
Bhavnagar,Gujarat,100.0,7.0,9.69,13.4,12.64,8.89,9.1,9.69,2877961.0,GJ,34.746822489950354
Bhilwara,Rajasthan,43.0,2.0,0.0,12.33,12.33,7.33,3.33,0.0,2410459.0,RJ,17.838926113242334
Bhind,Madhya Pradesh,9.0,0.0,,,,,,,1703562.0,MP,5.283048107436066
Bhiwani,Haryana,6.0,0.0,,,,,,,1629109.0,HR,3.6829948149571337
Bhojpur,Bihar,28.0,0.0,7.46,1.92,1.89,4.0,5.83,7.46,2720155.0,BR,10.293531067163453
Bhopal,Madhya Pradesh,858.0,35.0,7.53,8.22,9.47,8.53,6.92,7.53,2368145.0,MP,362.30889578129717
Bid,Maharashtra,1.0,0.0,,,,,,,2585962.0,MH,0.38670328488972383
Bidar,Karnataka,41.0,1.0,,,,,,,1700018.0,KA,24.11739169820555
Bijapur,Chhattisgarh,0.0,0.0,,,,,,,229832.0,CT,0.0
Bijapur(CT),Chhattisgarh,0.0,0.0,,,,,,,229832.0,CT,0.0
Bijnor,Uttar Pradesh,44.0,1.0,10.91,7.33,10.19,12.69,14.91,10.91,3683896.0,UP,11.943876808682981
Bikaner,Rajasthan,40.0,2.0,,,,,,,2367745.0,RJ,16.893711104869823
Bilaspur,Chhattisgarh,0.0,0.0,,,,,,,1961922.0,CT,0.0
Bilaspur(CT),Chhattisgarh,1.0,0.0,,,,,,,1961922.0,CT,0.5097042593946141
Bilaspur(HP),Himachal Pradesh,2.0,0.0,,,,,,,382056.0,HP,5.234834683920681
Birbhum,West Bengal,7.0,0.0,,,,,,,3502387.0,WB,1.9986369296140036
Bishnupur,Manipur,0.0,0.0,,,,,,,240363.0,MN,0.0
Biswanath,Assam,0.0,0.0,,,,,,,612491.0,AS,0.0
Bokaro,Jharkhand,10.0,1.0,,,,,,,2061918.0,JH,4.849853388932053
Bongaigaon,Assam,5.0,0.0,,,,,,,732639.0,AS,6.824643514746008
Botad,Gujarat,56.0,1.0,2.03,11.91,7.6,3.81,2.9,2.03,656005.0,GJ,85.3652030091234
Boudh,Odisha,4.0,0.0,,,,,,,439917.0,OR,9.09262429049116
Budaun,Uttar Pradesh,17.0,0.0,0.0,0.0,0.0,0.0,0.0,0.0,3712738.0,UP,4.578831040595916
Budgam,Jammu and Kashmir,53.0,0.0,14.91,,,,,14.91,735753.0,JK,72.03504436950988
Bulandshahr,Uttar Pradesh,75.0,1.0,4.3,6.94,6.4,7.32,5.87,4.3,3498507.0,UP,21.437716145773038
Buldana,Maharashtra,25.0,1.0,,,,,,,2588039.0,MH,9.65982351888824
Bundi,Rajasthan,0.0,0.0,,,,,,,1113725.0,RJ,0.0
Burhanpur,Madhya Pradesh,60.0,6.0,3.54,26.71,18.29,12.54,7.54,3.54,756993.0,MP,79.26097070910829
Buxar,Bihar,59.0,0.0,0.0,0.0,0.0,0.0,0.0,0.0,1707643.0,BR,34.550547157690445
Cachar,Assam,11.0,0.0,0.0,,,,25.0,0.0,1736319.0,AS,6.335241392854654
Chamarajanagara,Karnataka,0.0,0.0,,,,,,,1020962.0,KA,0.0
Chamba,Himachal Pradesh,12.0,0.0,0.0,,,,,0.0,518844.0,HP,23.12833915396536
Chamoli,Uttarakhand,0.0,0.0,,,,,,,391114.0,UT,0.0
Champawat,Uttarakhand,0.0,0.0,,,,,,,259315.0,UT,0.0
Champhai,Mizoram,0.0,0.0,,,,,,,125370.0,MZ,0.0
Chandauli,Uttar Pradesh,1.0,0.0,,,,,,,1952713.0,UP,0.5121080261154609
Chandel,Manipur,0.0,0.0,,,,,,,144028.0,MN,0.0
Chandigarh,Chandigarh,191.0,3.0,6.86,13.83,10.88,9.92,8.62,6.86,1055450.0,CH,180.96546496754937
Chandrapur,Maharashtra,4.0,0.0,0.0,0.0,0.0,0.0,0.0,0.0,2194262.0,MH,1.8229363676716817
Changlang,Arunachal Pradesh,0.0,0.0,,,,,,,147951.0,AR,0.0
Charaideo,Assam,0.0,0.0,,,,,,,,AS,
Charki Dadri,Haryana,4.0,0.0,,,,,,,502276.0,HR,7.9637490144860585
Chatra,Jharkhand,0.0,0.0,,,,,,,1042304.0,JH,0.0
Chengalpattu,Tamil Nadu,411.0,3.0,25.89,44.17,24.96,31.37,30.31,25.89,2556244.0,TN,160.78277347545853
Chennai,Tamil Nadu,5262.0,43.0,12.9,16.94,16.28,15.41,14.73,12.9,7100000.0,TN,741.1267605633802
Chhatarpur,Madhya Pradesh,0.0,0.0,,,,,,,1762857.0,MP,0.0
Chhindwara,Madhya Pradesh,5.0,1.0,,,,,,,2090306.0,MP,2.391994282176868
Chikkaballapura,Karnataka,24.0,2.0,12.33,0.0,5.0,9.0,12.33,12.33,1254377.0,KA,19.133003873636078
Chikkamagaluru,Karnataka,0.0,0.0,,,,,,,1137753.0,KA,0.0
Chirang,Assam,0.0,0.0,,,,,,,481818.0,AS,0.0
Chitradurga,Karnataka,7.0,0.0,,,,,,,1660378.0,KA,4.215907462035753
Chitrakoot,Uttar Pradesh,8.0,0.0,,,,,,,990626.0,UP,8.075701627051982
Chittaurgarh,Rajasthan,142.0,2.0,11.24,14.46,15.63,19.18,13.9,11.24,1544392.0,RJ,91.94556822361164
Chittoor,Andhra Pradesh,142.0,0.0,12.31,8.12,10.52,11.01,11.62,12.31,4170468.0,AP,34.048936474275784
Chota Udaipur,Gujarat,17.0,0.0,0.0,0.0,0.0,0.0,0.0,0.0,1071831.0,GJ,15.860709384221954
Churachandpur,Manipur,0.0,0.0,,,,,,,271274.0,MN,0.0
Churu,Rajasthan,27.0,1.0,,,,,,,2041172.0,RJ,13.227694677371625
Coimbatore,Tamil Nadu,146.0,1.0,0.0,0.0,0.0,0.0,0.0,0.0,3472578.0,TN,42.04369203513932
Cooch Behar,West Bengal,0.0,0.0,,,,,,,2822780.0,WB,0.0
Cuddalore,Tamil Nadu,412.0,1.0,1.25,23.94,13.85,4.5,2.4,1.25,2600880.0,TN,158.4079234720556
Cuttack,Odisha,3.0,0.0,,,,,,,2618708.0,OR,1.145603098932756
Dadra and Nagar Haveli,Dadra and Nagar Haveli,1.0,0.0,,,,,,,343709.0,DN,2.9094379256871368
Dakshin Bastar Dantewada,Chhattisgarh,0.0,0.0,,,,,,,533638.0,CT,0.0
Dakshin Dinajpur,West Bengal,0.0,0.0,,,,,,,1670931.0,WB,0.0
Dakshina Kannada,Karnataka,28.0,4.0,2.0,8.57,8.57,0.0,0.0,2.0,2083625.0,KA,13.438118663387124
Daman,Dadra and Nagar Haveli,0.0,0.0,,,,,,,191173.0,DN,0.0
Damoh,Madhya Pradesh,0.0,0.0,,,,,,,1263703.0,MP,0.0
Dang,Gujarat,2.0,0.0,,,,,,,226769.0,GJ,8.819547645401268
Darbhanga,Bihar,16.0,0.0,,,,,,,3921971.0,BR,4.07958141454896
Darjeeling,West Bengal,7.0,1.0,0.0,,20.0,0.0,0.0,0.0,1842034.0,WB,3.800147011401527
Darrang,Assam,0.0,0.0,,,,,,,908090.0,AS,0.0
Datia,Madhya Pradesh,0.0,0.0,,,,,,,786375.0,MP,0.0
Dausa,Rajasthan,28.0,0.0,,,,,,,1637226.0,RJ,17.102098305304214
Davanagere,Karnataka,85.0,4.0,11.38,53.1,19.3,19.68,24.01,11.38,1946905.0,KA,43.65903831979474
Debagarh,Odisha,1.0,0.0,,,,,,,312164.0,OR,3.2034443433579787
Dehradun,Uttarakhand,36.0,1.0,0.0,0.0,0.0,0.0,0.0,0.0,1698560.0,UT,21.194423511680483
Delhi,Delhi,7998.0,106.0,,,,,,,16787941.0,DL,476.4133969734585
Deoghar,Jharkhand,4.0,0.0,,,,,,,1491879.0,JH,2.6811825892046204
Deoria,Uttar Pradesh,3.0,0.0,,,,,,,3098637.0,UP,0.9681676169231828
Devbhumi Dwarka,Gujarat,12.0,0.0,,,,,,,752484.0,GJ,15.947182930135392
Dewas,Madhya Pradesh,56.0,7.0,28.54,12.72,22.72,27.48,28.83,28.54,1563107.0,MP,35.826082283554484
Dhalai,Tripura,150.0,0.0,18.98,59.3,41.95,26.92,23.24,18.98,377988.0,TR,396.8379948569796
Dhamtari,Chhattisgarh,0.0,0.0,,,,,,,799199.0,CT,0.0
Dhanbad,Jharkhand,4.0,0.0,,,,,,,2682662.0,JH,1.4910562717181666
Dhar,Madhya Pradesh,89.0,2.0,5.84,5.9,3.29,4.33,5.29,5.84,2184672.0,MP,40.73838086449591
Dharmapuri,Tamil Nadu,6.0,0.0,0.0,,,30.0,10.0,0.0,1502900.0,TN,3.992281588928072
Dharwad,Karnataka,21.0,0.0,0.0,,,20.0,0.0,0.0,1846993.0,KA,11.369831937641347
Dhaulpur,Rajasthan,24.0,0.0,0.0,14.23,9.79,6.15,0.0,0.0,1207293.0,RJ,19.879184257673987
Dhemaji,Assam,0.0,0.0,,,,,,,688077.0,AS,0.0
Dhenkanal,Odisha,1.0,0.0,,,,,,,1192948.0,OR,0.8382595050245275
Dhubri,Assam,5.0,0.0,,,,,,,1948632.0,AS,2.5659026434955394
Dhule,Maharashtra,71.0,6.0,10.72,6.09,4.61,6.49,8.1,10.72,2048781.0,MH,34.65475324107361
Dibrugarh,Assam,0.0,0.0,,,,,,,1327748.0,AS,0.0
Dima Hasao,Assam,0.0,0.0,,,,,,,213529.0,AS,0.0
Dimapur,Nagaland,0.0,0.0,,,,,,,379769.0,NL,0.0
Dindigul,Tamil Nadu,111.0,1.0,6.67,39.79,18.86,7.15,7.54,6.67,2161367.0,TN,51.3563869532569
Dindori,Madhya Pradesh,2.0,0.0,,,,,,,704218.0,MP,2.840029649909545
Diu,Dadra and Nagar Haveli,0.0,0.0,,,,,,,52074.0,DN,0.0
Doda,Jammu and Kashmir,0.0,0.0,,,,,,,409576.0,JK,0.0
Dohad,Gujarat,20.0,0.0,1.25,14.08,11.86,9.86,2.58,1.25,2126558.0,GJ,9.404869277019484
Dumka,Jharkhand,2.0,0.0,,,,,,,1321096.0,JH,1.513894523940728
Dungarpur,Rajasthan,13.0,0.0,15.67,30.0,10.0,6.67,11.67,15.67,1388906.0,RJ,9.359884686220663
Durg,Chhattisgarh,10.0,0.0,0.0,20.0,0.0,0.0,0.0,0.0,3343079.0,CT,2.991254469308084
East Champaran,Bihar,15.0,1.0,,,,,,,5082868.0,BR,2.9510898177957796
East District,Sikkim,0.0,0.0,,,,,,,281293.0,SK,0.0
East Garo Hills,Meghalaya,0.0,0.0,,,,,,,317618.0,ML,0.0
East Godavari,Andhra Pradesh,51.0,0.0,5.0,0.0,0.0,0.0,0.0,5.0,5151549.0,AP,9.899934951603878
East Jaintia Hills,Meghalaya,0.0,0.0,,,,,,,122436.0,ML,0.0
East Kameng,Arunachal Pradesh,0.0,0.0,,,,,,,78413.0,AR,0.0
East Khasi Hills,Meghalaya,13.0,1.0,0.0,0.0,0.0,0.0,0.0,0.0,824059.0,ML,15.775569467720153
East Siang,Arunachal Pradesh,0.0,0.0,,,,,,,99019.0,AR,0.0
East Singhbhum,Jharkhand,1.0,0.0,,,,,,,2291032.0,JH,0.4364845187670884
Ernakulam,Kerala,27.0,1.0,,,,,,,3279860.0,KL,8.232058685431696
Erode,Tamil Nadu,70.0,1.0,,,,,,,2259608.0,TN,30.97882464569076
Etah,Uttar Pradesh,11.0,1.0,4.3,9.25,8.45,7.79,5.97,4.3,1761152.0,UP,6.245911766843522
Etawah,Uttar Pradesh,2.0,0.0,,,,,,,1579160.0,UP,1.2664961118569364
Faizabad,Uttar Pradesh,1.0,0.0,,,,,,,2468371.0,UP,0.4051254855935352
Faridabad,Haryana,119.0,4.0,15.61,16.3,15.5,17.65,17.57,15.61,1798954.0,HR,66.14955135039585
Faridkot,Punjab,46.0,0.0,0.0,36.0,0.0,0.0,0.0,0.0,618008.0,PB,74.43269342791679
Farrukhabad,Uttar Pradesh,8.0,0.0,,,,,,,1887577.0,UP,4.238237698382636
Fatehabad,Haryana,7.0,0.0,,,,,,,941522.0,HR,7.434770509876563
Fatehgarh Sahib,Punjab,56.0,0.0,17.34,15.0,16.25,18.59,20.82,17.34,599814.0,PB,93.36227563878136
Fatehpur,Uttar Pradesh,6.0,0.0,,,,,,,2632684.0,UP,2.279042984270045
Fazilka,Punjab,41.0,0.0,20.0,,,0.0,20.0,20.0,1180483.0,PB,34.731546324682355
Firozabad,Uttar Pradesh,194.0,4.0,2.49,8.45,6.96,3.91,3.87,2.49,2496761.0,UP,77.70066898673922
Firozpur,Punjab,44.0,1.0,0.0,1.63,0.8,0.0,0.0,0.0,2026831.0,PB,21.708766049068718
Gadag,Karnataka,8.0,1.0,,,,,,,1065235.0,KA,7.510079935413313
Gadchiroli,Maharashtra,0.0,0.0,,,,,,,1071795.0,MH,0.0
Gajapati,Odisha,0.0,0.0,,,,,,,575880.0,OR,0.0
Ganderbal,Jammu and Kashmir,23.0,0.0,20.0,,,,80.0,20.0,297003.0,JK,77.44029521587323
Gandhinagar,Gujarat,142.0,5.0,9.85,11.67,12.97,13.46,12.42,9.85,1387478.0,GJ,102.34396509350056
Ganganagar,Rajasthan,0.0,0.0,,,,,,,1969520.0,RJ,0.0
Ganjam,Odisha,210.0,1.0,25.66,,,532.82,53.35,25.66,3520151.0,OR,59.65653177946059
Garhwa,Jharkhand,23.0,0.0,,,,,,,1322387.0,JH,17.392790461491227
Gariaband,Chhattisgarh,0.0,0.0,,,,,,,597653.0,CT,0.0
Gautam Buddha Nagar,Uttar Pradesh,249.0,3.0,7.4,7.25,5.88,6.39,6.33,7.4,1674714.0,UP,148.68210333227046
Gaya,Bihar,8.0,0.0,,,,,,,4379383.0,BR,1.826741346897497
Ghaziabad,Uttar Pradesh,150.0,2.0,4.55,9.69,8.37,7.48,6.34,4.55,4661452.0,UP,32.17881466976384
Ghazipur,Uttar Pradesh,10.0,0.0,,,,,,,3622727.0,UP,2.7603515252460373
Gir Somnath,Gujarat,18.0,0.0,,,,,,,1217477.0,GJ,14.784673550301154
Giridih,Jharkhand,7.0,0.0,,,,,,,2445203.0,JH,2.8627480008817265
Goalpara,Assam,6.0,0.0,,,,,,,1008959.0,AS,5.94672330590242
Godda,Jharkhand,1.0,0.0,,,,,,,1311382.0,JH,0.7625543129309386
Golaghat,Assam,9.0,0.0,,,,,,,1058674.0,AS,8.501200558434418
Gomati,Tripura,2.0,0.0,,,,,,,436868.0,TR,4.5780418799271185
Gonda,Uttar Pradesh,21.0,0.0,17.57,27.3,20.38,21.71,19.57,17.57,3431386.0,UP,6.119976009694043
Gondiya,Maharashtra,1.0,0.0,,,,,,,1322331.0,MH,0.7562403059445781
Gopalganj,Bihar,24.0,0.0,6.19,0.0,0.0,0.0,3.33,6.19,2558037.0,BR,9.382194237221745
Gorakhpur,Uttar Pradesh,6.0,0.0,0.0,0.0,0.0,0.0,0.0,0.0,4436275.0,UP,1.352486038399333
Gumla,Jharkhand,0.0,0.0,,,,,,,1025656.0,JH,0.0
Guna,Madhya Pradesh,1.0,0.0,,,,,,,1240938.0,MP,0.8058420323980731
Guntur,Andhra Pradesh,399.0,8.0,4.59,4.37,3.36,2.47,3.11,4.59,4889230.0,AP,81.60794235493114
Gurdaspur,Punjab,121.0,1.0,0.0,36.26,7.16,6.92,5.45,0.0,2299026.0,PB,52.630983729631595
Gurugram,Haryana,166.0,0.0,8.87,25.35,19.65,11.51,10.39,8.87,1514085.0,HR,109.63717360650162
Gwalior,Madhya Pradesh,31.0,1.0,24.65,,,,43.17,24.65,2030543.0,MP,15.2668522656255
Hailakandi,Assam,1.0,1.0,,,,,,,659260.0,AS,1.5168522282559234
Hamirpur,Himachal Pradesh,0.0,0.0,,,,,,,454293.0,HP,0.0
Hamirpur(HP),Himachal Pradesh,6.0,0.0,,,,,,,454293.0,HP,13.207335354055644
Hamirpur(UP),Uttar Pradesh,1.0,0.0,,,,,,,1104021.0,UP,0.9057798719408418
Hanumangarh,Rajasthan,12.0,0.0,,,,,,,1779650.0,RJ,6.742898884612143
Hapur,Uttar Pradesh,60.0,1.0,4.05,10.53,10.17,9.83,4.3,4.05,1338211.0,UP,44.83597878062578
Harda,Madhya Pradesh,3.0,0.0,,,,,,,570302.0,MP,5.260370821073748
Hardoi,Uttar Pradesh,4.0,0.0,,,,,,,4091380.0,UP,0.9776652376459776
Haridwar,Uttarakhand,7.0,0.0,,,,,,,1927029.0,UT,3.632534850279887
Hassan,Karnataka,9.0,0.0,,,,,,,1776221.0,KA,5.066937053440985
Hathras,Uttar Pradesh,19.0,0.0,0.0,0.0,0.0,0.0,0.0,0.0,1565678.0,UP,12.135317734553338
Haveri,Karnataka,3.0,0.0,,,,,,,1598506.0,KA,1.8767524175699055
Hazaribagh,Jharkhand,10.0,0.0,,,,,,,1734005.0,JH,5.7669960582581945
Hingoli,Maharashtra,61.0,0.0,3.21,9.17,6.67,1.67,3.21,3.21,1178973.0,MH,51.739946546697844
Hisar,Haryana,4.0,0.0,,,,,,,1742815.0,HR,2.295137464389508
Hnahthial,Mizoram,0.0,0.0,,,,,,,,MZ,
Hojai,Assam,0.0,0.0,,,,,,,931218.0,AS,0.0
Hooghly,West Bengal,134.0,4.0,30.57,18.15,34.98,31.34,30.47,30.57,5520389.0,WB,24.273651729977725
Hoshangabad,Madhya Pradesh,37.0,3.0,0.0,0.0,0.0,0.0,0.0,0.0,1240975.0,MP,29.815266222123732
Hoshiarpur,Punjab,92.0,4.0,4.2,1.82,2.48,3.09,3.66,4.2,1582793.0,PB,58.125099112770904
Howrah,West Bengal,484.0,25.0,7.42,12.18,12.49,11.32,10.1,7.42,4841638.0,WB,99.96616847438824
Hyderabad,Telangana,827.0,23.0,16.62,9.79,10.3,15.2,16.03,16.62,3441992.0,TG,240.2678448991165
Idukki,Kerala,23.0,0.0,0.0,0.0,0.0,0.0,0.0,0.0,1107453.0,KL,20.76837572339413
Imphal East,Manipur,1.0,0.0,,,,,,,452661.0,MN,2.2091587302639284
Imphal West,Manipur,1.0,0.0,,,,,,,514683.0,MN,1.9429435205748
Indore,Madhya Pradesh,2107.0,95.0,8.05,4.5,5.07,5.98,7.11,8.05,3272335.0,MP,643.882732055245
Jabalpur,Madhya Pradesh,147.0,8.0,6.39,5.59,4.14,5.5,4.76,6.39,2460714.0,MP,59.73875875050901
Jagatsinghapur,Odisha,5.0,0.0,,,,,,,1136604.0,OR,4.399069508817495
Jagitial,Telangana,6.0,0.0,,,,,,,983414.0,TG,6.101194410492427
Jaipur,Rajasthan,1342.0,62.0,8.04,9.7,8.99,7.45,7.6,8.04,6663971.0,RJ,201.38142858064654
Jaisalmer,Rajasthan,41.0,0.0,,,,,,,672008.0,RJ,61.011178438351926
Jajapur,Odisha,71.0,0.0,6.15,1.96,1.29,0.61,2.37,6.15,1826275.0,OR,38.876948980848994
Jalandhar,Punjab,198.0,5.0,6.37,9.8,9.25,9.92,8.46,6.37,2181753.0,PB,90.7527112372482
Jalaun,Uttar Pradesh,37.0,0.0,106.25,116.67,117.5,118.3,112.92,106.25,1670718.0,UP,22.14616709702056
Jalgaon,Maharashtra,206.0,24.0,23.27,31.16,39.1,34.54,28.9,23.27,4224442.0,MH,48.763836738674605
Jalna,Maharashtra,16.0,0.0,40.0,0.0,0.0,0.0,40.0,40.0,1958483.0,MH,8.16958840081839
Jalor,Rajasthan,42.0,1.0,48.84,,,,,48.84,1830151.0,RJ,22.948926072220267
Jalpaiguri,West Bengal,4.0,0.0,,,,,,,3869675.0,WB,1.0336785388953853
Jammu,Jammu and Kashmir,38.0,0.0,18.21,,38.69,25.36,18.69,18.21,1526406.0,JK,24.89508033904479
Jamnagar,Gujarat,33.0,2.0,19.37,,97.1,79.71,40.48,19.37,2159130.0,GJ,15.283933806672133
Jamtara,Jharkhand,2.0,0.0,,,,,,,790207.0,JH,2.5309823881590523
Jamui,Bihar,1.0,0.0,,,,,,,1756078.0,BR,0.569450787493494
Jangoan,Telangana,3.0,0.0,,,,,,,582457.0,TG,5.150594807857062
Janjgir Champa,Chhattisgarh,0.0,0.0,,,,,,,1620632.0,CT,0.0
Jashpur,Chhattisgarh,0.0,0.0,,,,,,,852043.0,CT,0.0
Jaunpur,Uttar Pradesh,12.0,0.0,,,,,,,4476072.0,UP,2.680922022702048
Jayashankar,Telangana,3.0,0.0,,,,,,,712257.0,TG,4.211962816792252
Jehanabad,Bihar,21.0,0.0,45.67,,,,,45.67,1124176.0,BR,18.68034898450065
Jhabua,Madhya Pradesh,2.0,0.0,,,,,,,1024091.0,MP,1.9529514466976083
Jhajjar,Haryana,84.0,0.0,0.58,6.39,3.25,1.22,0.58,0.58,956907.0,HR,87.78282529023197
Jhalawar,Rajasthan,47.0,0.0,0.0,13.78,12.53,9.0,4.0,0.0,1411327.0,RJ,33.30199167166787
Jhansi,Uttar Pradesh,30.0,2.0,14.54,14.12,14.97,13.1,13.9,14.54,2000755.0,UP,14.994339636787114
Jhargram,West Bengal,3.0,0.0,,,,,,,1136548.0,WB,2.6395717558783263
Jharsuguda,Odisha,2.0,0.0,,,,,,,579499.0,OR,3.451257034093243
Jhunjhunu,Rajasthan,47.0,0.0,10.0,0.0,0.0,0.0,0.0,10.0,2139658.0,RJ,21.966127296979238
Jind,Haryana,18.0,0.0,0.0,46.67,26.67,16.67,6.67,0.0,1332042.0,HR,13.513087425171278
Jiribam,Manipur,0.0,0.0,,,,,,,43818.0,MN,0.0
Jodhpur,Rajasthan,919.0,16.0,2.31,5.85,4.35,2.68,2.38,2.31,3685681.0,RJ,249.343337092928
Jogulamba Gadwal,Telangana,45.0,1.0,0.0,0.0,0.0,0.0,0.0,0.0,664971.0,TG,67.67212404751486
Jorhat,Assam,3.0,0.0,,,,,,,1091295.0,AS,2.749027531510728
Junagadh,Gujarat,4.0,0.0,,,,,,,2742291.0,GJ,1.458634404590906
Kabeerdham,Chhattisgarh,6.0,0.0,,,,,,,584667.0,CT,10.26225184592255
Kachchh,Gujarat,14.0,1.0,,,,,,,2090313.0,GJ,6.697561561354688
Kaimur Bhabhua,Bihar,33.0,0.0,0.0,16.67,6.67,0.0,0.0,0.0,1626900.0,BR,20.283975659229206
Kaithal,Haryana,3.0,0.0,,,,,,,1072861.0,HR,2.7962615846787235
Kakching,Manipur,0.0,0.0,,,,,,,135481.0,MN,0.0
Kalaburagi,Karnataka,81.0,7.0,7.22,4.47,3.52,3.38,1.51,7.22,2564892.0,KA,31.58027706429744
Kalahandi,Odisha,2.0,0.0,,,,,,,1573054.0,OR,1.2714121702115757
Kalimpong,West Bengal,7.0,1.0,,,,,,,251642.0,WB,27.817295999872837
Kallakurichi,Tamil Nadu,57.0,0.0,5.26,21.86,16.02,11.82,8.59,5.26,1370281.0,TN,41.597307413588894
Kamareddy,Telangana,12.0,0.0,,,,,,,972625.0,TG,12.337745791029432
Kamjong,Manipur,0.0,0.0,,,,,,,45616.0,MN,0.0
Kamle,Arunachal Pradesh,0.0,0.0,,,,,,,22256.0,AR,0.0
Kamrup,Assam,2.0,0.0,,,,,,,1517202.0,AS,1.3182160318797365
Kamrup Metropolitan,Assam,21.0,1.0,45.67,,,,,45.67,1260419.0,AS,16.661126181055664
Kancheepuram,Tamil Nadu,157.0,1.0,11.65,36.61,38.18,9.63,13.17,11.65,1166401.0,TN,134.60207938779206
Kandhamal,Odisha,0.0,0.0,,,,,,,731952.0,OR,0.0
Kangpokpi,Manipur,0.0,0.0,,,,,,,,MN,
Kangra,Himachal Pradesh,15.0,1.0,39.89,,,,57.67,39.89,1507223.0,HP,9.952077429816288
Kannauj,Uttar Pradesh,21.0,0.0,,,,,,,1658005.0,UP,12.665824288829045
Kanniyakumari,Tamil Nadu,27.0,1.0,7.02,43.67,25.48,17.15,12.02,7.02,1863178.0,TN,14.491369047938525
Kannur,Kerala,117.0,1.0,0.0,0.0,0.0,0.0,0.0,0.0,2525637.0,KL,46.32494693417938
Kanpur Dehat,Uttar Pradesh,4.0,1.0,,,,,,,1795092.0,UP,2.2282980482337402
Kanpur Nagar,Uttar Pradesh,308.0,6.0,2.67,6.0,6.12,4.73,3.79,2.67,4572951.0,UP,67.35256948959217
Kapurthala,Punjab,27.0,2.0,7.47,5.29,5.03,6.52,7.78,7.47,817668.0,PB,33.02073702285035
Karaikal,Puducherry,1.0,0.0,,,,,,,200222.0,PY,4.994456153669427
Karauli,Rajasthan,7.0,1.0,0.0,,,,20.0,0.0,1458459.0,RJ,4.799586412782259
Karbi Anglong,Assam,0.0,0.0,,,,,,,965280.0,AS,0.0
Kargil,Ladakh,9.0,0.0,0.0,0.0,0.0,0.0,0.0,0.0,143388.0,LA,62.76675872457946
Karimganj,Assam,2.0,0.0,,,,,,,1217002.0,AS,1.6433826731591237
Karimnagar,Telangana,19.0,0.0,,,,,,,1016063.0,TG,18.699627877405238
Karnal,Haryana,15.0,1.0,9.58,,,14.91,12.91,9.58,1506323.0,HR,9.958023611137849
Karur,Tamil Nadu,53.0,0.0,15.67,,40.0,25.0,9.0,15.67,1076588.0,TN,49.229603153666964
Kasaragod,Kerala,183.0,0.0,0.0,0.0,0.0,0.0,0.0,0.0,1302600.0,KL,140.48825426070937
Kasganj,Uttar Pradesh,7.0,0.0,,,,,,,1438156.0,UP,4.867344015531
Kathua,Jammu and Kashmir,17.0,0.0,,,,,,,615711.0,JK,27.610356157353053
Katihar,Bihar,12.0,0.0,4.59,31.44,12.62,9.73,7.45,4.59,3068149.0,BR,3.911152945961881
Katni,Madhya Pradesh,0.0,0.0,,,,,,,1291684.0,MP,0.0
Kaushambi,Uttar Pradesh,5.0,0.0,,,,,,,1596909.0,UP,3.131048794890629
Kendrapara,Odisha,9.0,0.0,10.19,,,,30.19,10.19,1439891.0,OR,6.250473126090793
Kendujhar,Odisha,4.0,0.0,,,,,,,1802777.0,OR,2.2187991082646383
Khagaria,Bihar,30.0,0.0,,,,,,,1657599.0,BR,18.09846651693202
Khammam,Telangana,8.0,0.0,,,,,,,1401639.0,TG,5.707603741048873
Khandwa,Madhya Pradesh,80.0,8.0,57.23,37.67,39.89,31.89,61.59,57.23,1309443.0,MP,61.094679188021175
Khargone,Madhya Pradesh,95.0,8.0,5.68,9.45,9.8,8.91,7.2,5.68,1872413.0,MP,50.73666974113083
Khawzawl,Mizoram,0.0,0.0,,,,,,,,MZ,
Kheda,Gujarat,33.0,1.0,5.18,32.69,20.23,19.06,14.41,5.18,2298934.0,GJ,14.354479075954337
Kheri,Uttar Pradesh,5.0,0.0,,,,,,,4013634.0,UP,1.2457538480090613
Khordha,Odisha,50.0,2.0,,,,,,,2246341.0,OR,22.258419358414415
Khowai,Tripura,0.0,0.0,,,,,,,327391.0,TR,0.0
Khunti,Jharkhand,0.0,0.0,,,,,,,530299.0,JH,0.0
Kinnaur,Himachal Pradesh,0.0,0.0,,,,,,,84298.0,HP,0.0
Kiphire,Nagaland,0.0,0.0,,,,,,,74033.0,NL,0.0
Kishanganj,Bihar,9.0,0.0,,,,,,,1690948.0,BR,5.322458171392616
Kishtwar,Jammu and Kashmir,1.0,0.0,,,,,,,230696.0,JK,4.334708880951555
Kodagu,Karnataka,1.0,0.0,,,,,,,554762.0,KA,1.8025747978412363
Kodarma,Jharkhand,4.0,0.0,,,,,,,717169.0,JH,5.57748592033398
Kohima,Nagaland,0.0,0.0,,,,,,,270063.0,NL,0.0
Kokrajhar,Assam,1.0,0.0,,,,,,,886999.0,AS,1.1273969869188127
Kolar,Karnataka,5.0,0.0,,,,,,,1540231.0,KA,3.2462663068072253
Kolasib,Mizoram,0.0,0.0,,,,,,,83054.0,MZ,0.0
Kolhapur,Maharashtra,22.0,1.0,0.0,0.0,0.0,0.0,0.0,0.0,3874015.0,MH,5.6788628851462875
Kolkata,West Bengal,1126.0,140.0,6.96,8.3,7.67,7.07,7.03,6.96,4486679.0,WB,250.96513479123425
Kollam,Kerala,20.0,0.0,0.0,0.0,0.0,0.0,0.0,0.0,2629703.0,KL,7.605421600842376
Kondagaon,Chhattisgarh,0.0,0.0,,,,,,,578326.0,CT,0.0
Koppal,Karnataka,0.0,0.0,,,,,,,1391292.0,KA,0.0
Koraput,Odisha,1.0,0.0,,,,,,,1376934.0,OR,0.7262512219176809
Korba,Chhattisgarh,28.0,0.0,,,,,,,1206563.0,CT,23.206413589675797
Koriya,Chhattisgarh,0.0,0.0,,,,,,,659039.0,CT,0.0
Kota,Rajasthan,269.0,11.0,5.15,6.34,7.06,6.76,6.0,5.15,1950491.0,RJ,137.91399191280553
Kottayam,Kerala,23.0,0.0,1.18,0.0,0.0,0.0,0.0,1.18,1979384.0,KL,11.619776657788485
Kozhikode,Kerala,26.0,0.0,0.0,0.0,0.0,0.0,0.0,0.0,3089543.0,KL,8.415484102341349
Kra Daadi,Arunachal Pradesh,0.0,0.0,,,,,,,,AR,
Krishna,Andhra Pradesh,349.0,14.0,2.29,5.83,5.04,3.82,2.59,2.29,4529009.0,AP,77.05880028059117
Krishnagiri,Tamil Nadu,20.0,0.0,21.33,,,,31.33,21.33,1883731.0,TN,10.617227194328702
Kulgam,Jammu and Kashmir,72.0,0.0,43.48,31.67,47.05,56.62,52.5,43.48,422786.0,JK,170.29892191321375
Kullu,Himachal Pradesh,0.0,0.0,,,,,,,437474.0,HP,0.0
Kumuram Bheem Asifabad,Telangana,7.0,0.0,0.0,0.0,0.0,0.0,0.0,0.0,515835.0,TG,13.570230790853666
Kupwara,Jammu and Kashmir,83.0,0.0,5.98,6.3,5.92,6.59,7.16,5.98,875564.0,JK,94.79604003819252
Kurnool,Andhra Pradesh,591.0,17.0,2.44,4.01,3.02,2.43,2.49,2.44,4046601.0,AP,146.04849848057663
Kurukshetra,Haryana,3.0,0.0,,,,,,,964231.0,HR,3.111287647876909
Kurung Kumey,Arunachal Pradesh,0.0,0.0,,,,,,,89717.0,AR,0.0
Kushinagar,Uttar Pradesh,2.0,0.0,,,,,,,3560830.0,UP,0.5616668024028105
Lahaul and Spiti,Himachal Pradesh,0.0,0.0,,,,,,,31528.0,HP,0.0
Lahul and Spiti,Himachal Pradesh,0.0,0.0,,,,,,,31528.0,HP,0.0
Lakhimpur,Assam,1.0,0.0,,,,,,,1040644.0,AS,0.9609434158079035
Lakhisarai,Bihar,6.0,0.0,,,,,,,1000717.0,BR,5.995701082323973
Lakshadweep,Lakshadweep,0.0,0.0,,,,,,,64473.0,LD,0.0
Lalitpur,Uttar Pradesh,1.0,1.0,,,,,,,1218002.0,UP,0.8210167142582688
Latehar,Jharkhand,0.0,0.0,,,,,,,725673.0,JH,0.0
Latur,Maharashtra,32.0,1.0,23.82,11.67,11.67,25.0,22.0,23.82,2455543.0,MH,13.03174084102783
Lawngtlai,Mizoram,0.0,0.0,,,,,,,117444.0,MZ,0.0
Leh,Ladakh,34.0,0.0,0.0,0.0,0.0,0.0,0.0,0.0,147104.0,LA,231.12899717206875
Lepa Rada,Arunachal Pradesh,0.0,0.0,,,,,,,,AR,
Lohardaga,Jharkhand,0.0,0.0,,,,,,,461738.0,JH,0.0
Lohit,Arunachal Pradesh,1.0,0.0,,,,,,,145538.0,AR,6.871057730627053
Longding,Arunachal Pradesh,0.0,0.0,,,,,,,60000.0,AR,0.0
Longleng,Nagaland,0.0,0.0,,,,,,,50593.0,NL,0.0
Lower Dibang Valley,Arunachal Pradesh,0.0,0.0,,,,,,,53986.0,AR,0.0
Lower Siang,Arunachal Pradesh,0.0,0.0,,,,,,,80597.0,AR,0.0
Lower Subansiri,Arunachal Pradesh,0.0,0.0,,,,,,,82839.0,AR,0.0
Lucknow,Uttar Pradesh,264.0,1.0,5.94,8.24,7.22,6.29,5.46,5.94,4588455.0,UP,57.53570646328666
Ludhiana,Punjab,148.0,6.0,4.5,0.68,0.45,0.22,3.56,4.5,3487882.0,PB,42.4326281680401
Lunglei,Mizoram,0.0,0.0,,,,,,,154094.0,MZ,0.0
Madhepura,Bihar,9.0,0.0,,,,,,,1994618.0,BR,4.512142174591826
Madhubani,Bihar,31.0,0.0,9.43,11.67,5.0,0.0,8.0,9.43,4476044.0,BR,6.925758549290401
Madurai,Tamil Nadu,124.0,2.0,3.5,12.45,12.54,3.72,3.61,3.5,3991038.0,TN,31.06961146448618
Mahabubabad,Telangana,1.0,0.0,,,,,,,770170.0,TG,1.2984146357297743
Mahabubnagar,Telangana,11.0,0.0,,,,,,,1318110.0,TG,8.3452822602059
Mahasamund,Chhattisgarh,0.0,0.0,,,,,,,1032275.0,CT,0.0
Mahe,Puducherry,2.0,0.0,,,,,,,41816.0,PY,47.82858236081883
Mahendragarh,Haryana,5.0,0.0,,,,,,,921680.0,HR,5.424876312820069
Mahesana,Gujarat,67.0,2.0,11.69,21.58,7.49,6.96,9.36,11.69,2027727.0,GJ,33.041923296380624
Mahisagar,Gujarat,47.0,1.0,4.15,10.17,8.78,8.77,6.6,4.15,994624.0,GJ,47.25403770671128
Mahoba,Uttar Pradesh,3.0,0.0,,,,,,,876055.0,UP,3.4244425292932523
Mahrajganj,Uttar Pradesh,9.0,0.0,,,,,,,2665292.0,UP,3.3767407098359197
Mainpuri,Uttar Pradesh,13.0,1.0,12.33,,,59.0,19.0,12.33,1847194.0,UP,7.037701508341843
Majuli,Assam,0.0,0.0,,,,,,,167304.0,AS,0.0
Malappuram,Kerala,32.0,1.0,,,,,,,4110956.0,KL,7.784077474923108
Maldah,West Bengal,19.0,0.0,41.53,,,,,41.53,3997970.0,WB,4.752411849013375
Malkangiri,Odisha,0.0,0.0,,,,,,,612727.0,OR,0.0
Mamit,Mizoram,0.0,0.0,,,,,,,85757.0,MZ,0.0
Mancherial,Telangana,1.0,1.0,,,,,,,807037.0,TG,1.2391005616842845
Mandi,Himachal Pradesh,2.0,1.0,,,,,,,999518.0,HP,2.0009644648720686
Mandla,Madhya Pradesh,1.0,0.0,,,,,,,1053522.0,MP,0.9491970741949384
Mandsaur,Madhya Pradesh,56.0,4.0,0.95,9.4,8.69,8.0,0.0,0.95,1339832.0,MP,41.79628490736153
Mandya,Karnataka,31.0,0.0,5.0,0.0,0.0,0.0,5.0,5.0,1808680.0,KA,17.139571400137115
Mansa,Punjab,32.0,0.0,0.0,41.67,21.67,11.67,5.0,0.0,768808.0,PB,41.62287593261257
Mathura,Uttar Pradesh,56.0,4.0,4.81,16.5,16.45,13.4,11.73,4.81,2541894.0,UP,22.030816391242123
Mau,Uttar Pradesh,1.0,0.0,,,,,,,2205170.0,UP,0.4534797770693416
Mayurbhanj,Odisha,9.0,0.0,,,,,,,2513895.0,OR,3.5801017942276827
Medak,Telangana,5.0,0.0,,,,,,,767428.0,TG,6.5152691848616415
Medchal Malkajgiri,Telangana,22.0,1.0,0.0,0.0,0.0,0.0,0.0,0.0,2542203.0,TG,8.653911587705624
Medinipur East,West Bengal,47.0,1.0,2.5,,63.33,43.33,33.33,2.5,4417377.0,WB,10.639798233204909
Medinipur West,West Bengal,19.0,0.0,,,,,,,5094238.0,WB,3.729704030318176
Meerut,Uttar Pradesh,274.0,14.0,11.09,19.61,14.5,13.43,12.66,11.09,3447405.0,UP,79.48007269235846
Mirpur,Jammu and Kashmir,0.0,0.0,,,,,,,,JK,
Mirzapur,Uttar Pradesh,7.0,0.0,,,,,,,2494533.0,UP,2.806136459208998
Moga,Punjab,59.0,0.0,1.74,0.0,0.0,1.74,1.74,1.74,992289.0,PB,59.4584843730002
Mokokchung,Nagaland,0.0,0.0,,,,,,,193171.0,NL,0.0
Mon,Nagaland,0.0,0.0,,,,,,,259604.0,NL,0.0
Moradabad,Uttar Pradesh,135.0,9.0,7.3,6.51,6.35,6.19,6.05,7.3,4773138.0,UP,28.283280307420398
Morbi,Gujarat,2.0,0.0,,,,,,,960329.0,GJ,2.082619602240482
Morena,Madhya Pradesh,25.0,0.0,0.0,8.69,5.36,2.5,0.0,0.0,1965137.0,MP,12.721759348075983
Morigaon,Assam,7.0,0.0,,,,,,,957853.0,AS,7.30801072815975
Mulugu,Telangana,2.0,0.0,,,,,,,294671.0,TG,6.78723050452878
Mumbai,Maharashtra,15747.0,556.0,8.82,11.36,12.62,11.18,9.61,8.82,3145966.0,MH,5005.457783078394
Mumbai Suburban,Maharashtra,0.0,0.0,,,,,,,9332481.0,MH,0.0
Mungeli,Chhattisgarh,0.0,0.0,,,,,,,701707.0,CT,0.0
Munger,Bihar,122.0,1.0,5.61,3.23,3.62,4.35,5.01,5.61,1359054.0,BR,89.7683241431172
Murshidabad,West Bengal,5.0,1.0,,,,,,,7102430.0,WB,0.7039844109692035
Muzaffarabad,Jammu and Kashmir,0.0,0.0,,,,,,,,JK,
Muzaffarnagar,Uttar Pradesh,26.0,0.0,0.0,0.0,0.0,0.0,0.0,0.0,4138605.0,UP,6.282310102075457
Muzaffarpur,Bihar,15.0,0.0,,,,,,,4778610.0,BR,3.1389881157909936
Mysuru,Karnataka,88.0,0.0,,,,,,,2994744.0,KA,29.38481553014214
Nabarangapur,Odisha,0.0,0.0,,,,,,,1218762.0,OR,0.0
Nadia,West Bengal,10.0,0.0,,,,,,,5168488.0,WB,1.934801822118964
Nagaon,Assam,0.0,0.0,,,,,,,2826006.0,AS,0.0
Nagapattinam,Tamil Nadu,47.0,0.0,,,,,,,1614069.0,TN,29.118953402859482
Nagarkurnool,Telangana,2.0,0.0,,,,,,,893308.0,TG,2.238869460477237
Nagaur,Rajasthan,139.0,3.0,5.11,3.96,3.81,5.03,5.48,5.11,3309234.0,RJ,42.003678192596844
Nagpur,Maharashtra,317.0,2.0,8.29,6.82,6.64,7.16,5.29,8.29,4653171.0,MH,68.12558575646587
Nainital,Uttarakhand,11.0,0.0,,,,,,,955128.0,UT,11.516780996892562
Nalanda,Bihar,63.0,0.0,31.44,5.0,27.0,27.95,29.77,31.44,2872523.0,BR,21.931939274289537
Nalbari,Assam,4.0,0.0,,,,,,,769919.0,AS,5.195351718817174
Nalgonda,Telangana,17.0,0.0,,,,,,,1631399.0,TG,10.420504119470467
Namakkal,Tamil Nadu,77.0,0.0,0.0,0.0,0.0,0.0,0.0,0.0,1721179.0,TN,44.73677636085497
Namsai,Arunachal Pradesh,0.0,0.0,,,,,,,95950.0,AR,0.0
Nanded,Maharashtra,57.0,4.0,9.87,26.9,23.61,19.93,16.75,9.87,3356566.0,MH,16.981641356076416
Nandurbar,Maharashtra,22.0,2.0,0.0,1.82,0.0,0.0,0.0,0.0,1646177.0,MH,13.364298006836446
Narayanpet,Telangana,1.0,1.0,,,,,,,566874.0,TG,1.7640604437670453
Narayanpur,Chhattisgarh,0.0,0.0,,,,,,,140206.0,CT,0.0
Narmada,Gujarat,13.0,0.0,,,,,,,590379.0,GJ,22.01975341263832
Narsimhapur,Madhya Pradesh,0.0,0.0,,,,,,,1092141.0,MP,0.0
Narsinghpur,Madhya Pradesh,0.0,0.0,,,,,,,1092141.0,MP,0.0
Nashik,Maharashtra,751.0,34.0,11.22,21.81,24.19,18.0,12.66,11.22,6109052.0,MH,122.93233058091499
Navsari,Gujarat,8.0,0.0,0.0,0.0,0.0,0.0,0.0,0.0,1330711.0,GJ,6.011823754368905
Nawada,Bihar,24.0,0.0,,,,,,,2216653.0,BR,10.827134422934035
Nayagarh,Odisha,1.0,0.0,,,,,,,962215.0,OR,1.0392687704930812
Neemuch,Madhya Pradesh,38.0,0.0,,,,,,,825958.0,MP,46.007181963247525
Nicobars,Andaman and Nicobar Islands,0.0,0.0,,,,,,,36842.0,AN,0.0
Nilgiris,Tamil Nadu,15.0,0.0,,,,,,,735071.0,TN,20.406192054917145
Nirmal,Telangana,20.0,0.0,,,,,,,709415.0,TG,28.192242904364864
Niwari,Madhya Pradesh,0.0,0.0,,,,,,,,MP,
Nizamabad,Telangana,61.0,0.0,,,,,,,1534428.0,TG,39.75422763401085
Noney,Manipur,0.0,0.0,,,,,,,,MN,
North  District,Sikkim,0.0,0.0,,,,,,,43354.0,SK,0.0
North 24 Parganas,West Bengal,301.0,29.0,6.54,8.36,7.81,7.83,6.84,6.54,10082852.0,WB,29.85266470240761
North District,Sikkim,0.0,0.0,,,,,,,43354.0,SK,0.0
North Garo Hills,Meghalaya,0.0,0.0,,,,,,,118325.0,ML,0.0
North Goa,Goa,6.0,0.0,,,,,,,817761.0,GA,7.337107052060442
North Tripura,Tripura,2.0,0.0,,,,,,,415946.0,TR,4.808316464156405
North and Middle Andaman,Andaman and Nicobar Islands,1.0,0.0,,,,,,,105597.0,AN,9.469966002822051
Nuapada,Odisha,0.0,0.0,,,,,,,606490.0,OR,0.0
Nuh,Haryana,60.0,0.0,,,,,,,1089406.0,HR,55.07588539075422
Osmanabad,Maharashtra,4.0,0.0,,,,,,,1660311.0,MH,2.4091871944473056
Other Region,Madhya Pradesh,0.0,0.0,,,,,,,,MP,
Pakke Kessang,Arunachal Pradesh,0.0,0.0,,,,,,,,AR,
Pakur,Jharkhand,0.0,0.0,,,,,,,899200.0,JH,0.0
Palakkad,Kerala,16.0,0.0,,,,,,,2810892.0,KL,5.692143276938424
Palamu,Jharkhand,8.0,0.0,,,,,,,1936319.0,JH,4.131550638092174
Palghar,Maharashtra,326.0,12.0,15.65,13.96,16.5,20.12,14.02,15.65,2990116.0,MH,109.02587056823214
Pali,Rajasthan,95.0,3.0,8.8,12.49,9.2,7.18,4.37,8.8,2038533.0,RJ,46.60213987215316
Palwal,Haryana,37.0,0.0,,,,,,,1040493.0,HR,35.56006623783149
Panch Mahals,Gujarat,66.0,4.0,6.41,8.97,7.18,7.67,6.98,6.41,2388267.0,GJ,27.63510110050509
Panchkula,Haryana,23.0,0.0,,,,,,,558890.0,HR,41.152999695825656
Panipat,Haryana,36.0,3.0,1.11,14.63,12.63,3.54,2.29,1.11,1202811.0,HR,29.929889234468256
Panna,Madhya Pradesh,1.0,0.0,,,,,,,1016028.0,MP,0.9842248441972072
Papum Pare,Arunachal Pradesh,0.0,0.0,,,,,,,176385.0,AR,0.0
Parbhani,Maharashtra,2.0,1.0,0.0,0.0,0.0,0.0,0.0,0.0,1835982.0,MH,1.0893352984942115
Paschim Bardhaman,West Bengal,14.0,2.0,12.33,,45.67,29.0,19.0,12.33,2882031.0,WB,4.857685430864554
Pashchimi Singhbhum,Jharkhand,0.0,0.0,,,,,,,1501619.0,JH,0.0
Patan,Gujarat,31.0,2.0,9.8,3.33,0.0,2.86,5.36,9.8,1342746.0,GJ,23.08701720206205
Pathanamthitta,Kerala,18.0,0.0,,,,,,,1195537.0,KL,15.055995757554973
Pathankot,Punjab,29.0,1.0,,,,,,,626154.0,PB,46.31448493501599
Patiala,Punjab,99.0,2.0,2.43,7.27,6.43,5.99,4.24,2.43,2892282.0,PB,34.22902745997797
Patna,Bihar,99.0,2.0,13.26,5.34,7.23,9.65,10.86,13.26,5772804.0,BR,17.149378361018318
Pauri Garhwal,Uttarakhand,1.0,0.0,,,,,,,686527.0,UT,1.4566069506370471
Peddapalli,Telangana,2.0,0.0,,,,,,,795332.0,TG,2.5146731176414376
Perambalur,Tamil Nadu,142.0,0.0,14.25,65.91,67.08,60.76,14.91,14.25,564511.0,TN,251.54514261015285
Peren,Nagaland,0.0,0.0,,,,,,,163294.0,NL,0.0
Phek,Nagaland,0.0,0.0,,,,,,,163294.0,NL,0.0
Pherzawl,Manipur,0.0,0.0,,,,,,,47250.0,MN,0.0
Pilibhit,Uttar Pradesh,6.0,0.0,,,,,,,2037225.0,UP,2.9451827854066197
Pithoragarh,Uttarakhand,0.0,0.0,,,,,,,485993.0,UT,0.0
Porbandar,Gujarat,3.0,0.0,,,,,,,586062.0,GJ,5.118912333507375
Prakasam,Andhra Pradesh,63.0,0.0,0.0,0.0,0.0,0.0,0.0,0.0,3392764.0,AP,18.56893081864816
Pratapgarh,Rajasthan,0.0,0.0,,,,,,,868231.0,RJ,0.0
Pratapgarh(RJ),Rajasthan,4.0,1.0,,,,,,,868231.0,RJ,4.607068856099357
Pratapgarh(UP),Uttar Pradesh,16.0,0.0,10.86,11.67,5.0,0.0,8.0,10.86,3173752.0,UP,5.041351687214376
Prayagraj,Uttar Pradesh,21.0,1.0,11.71,24.87,21.06,18.36,14.28,11.71,5959798.0,UP,3.5236093572298928
Puducherry,Puducherry,10.0,0.0,6.19,29.0,21.86,15.19,10.19,6.19,950289.0,PY,10.523114547258778
Pudukkottai,Tamil Nadu,6.0,0.0,11.67,,,,21.67,11.67,1918725.0,TN,3.127076574287613
Pulwama,Jammu and Kashmir,13.0,0.0,3.08,13.44,10.94,8.71,6.71,3.08,570060.0,JK,22.80461705785356
Punch,Jammu and Kashmir,0.0,0.0,,,,,,,476820.0,JK,0.0
Pune,Maharashtra,3161.0,164.0,14.12,5.03,10.88,11.74,12.63,14.12,9426959.0,MH,335.31491968937166
Purba Bardhaman,West Bengal,9.0,0.0,20.0,,0.0,0.0,20.0,20.0,4835532.0,WB,1.8612223019101104
Purbi Singhbhum,Jharkhand,0.0,0.0,,,,,,,2291032.0,JH,0.0
Puri,Odisha,4.0,0.0,,,,,,,1697983.0,OR,2.355736188171495
Purnia,Bihar,4.0,0.0,,,,,,,3273127.0,BR,1.2220729595887971
Purulia,West Bengal,0.0,0.0,,,,,,,2927965.0,WB,0.0
Rae Bareli,Uttar Pradesh,50.0,0.0,21.67,,,30.0,16.67,21.67,3404004.0,UP,14.688584384742205
Raichur,Karnataka,0.0,0.0,,,,,,,1924773.0,KA,0.0
Raigarh(CG),Chhattisgarh,0.0,0.0,,,,,,,1493627.0,CT,0.0
Raigarh(CT),Chhattisgarh,0.0,0.0,,,,,,,1493627.0,CT,0.0
Raigarh(MH),Maharashtra,308.0,10.0,,,,,,,2635394.0,MH,116.87057039668451
Raipur,Chhattisgarh,7.0,0.0,,,,,,,4062160.0,CT,1.7232211434310811
Raisen,Madhya Pradesh,65.0,3.0,1.55,7.93,6.04,3.86,1.96,1.55,1331699.0,MP,48.80982864746463
Rajanna Sircilla,Telangana,3.0,0.0,,,,,,,546121.0,TG,5.493288117468473
Rajgarh,Madhya Pradesh,0.0,0.0,,,,,,,1546541.0,MP,0.0
Rajkot,Gujarat,66.0,2.0,0.95,5.29,4.12,3.01,1.95,0.95,3157676.0,GJ,20.901447773615786
Rajnandgaon,Chhattisgarh,1.0,0.0,,,,,,,1537520.0,CT,0.6503980436026848
Rajouri,Jammu and Kashmir,4.0,0.0,,,,,,,619266.0,JK,6.459259833415688
Rajsamand,Rajasthan,26.0,0.0,16.15,39.0,33.76,34.1,31.15,16.15,1158283.0,RJ,22.447018561094307
Ramanagara,Karnataka,0.0,0.0,,,,,,,1082739.0,KA,0.0
Ramanathapuram,Tamil Nadu,31.0,1.0,7.03,7.41,6.98,9.46,8.21,7.03,1337560.0,TN,23.176530398636324
Ramban,Jammu and Kashmir,1.0,0.0,,,,,,,283313.0,JK,3.5296650700815
Ramgarh,Jharkhand,0.0,0.0,,,,,,,949159.0,JH,0.0
Rampur,Uttar Pradesh,31.0,0.0,0.0,5.0,5.0,5.0,5.0,0.0,2335398.0,UP,13.273968719678614
Ranchi,Jharkhand,96.0,2.0,0.7,0.73,0.73,0.0,0.35,0.7,2912022.0,JH,32.966783904791924
Ranga Reddy,Telangana,36.0,2.0,0.0,0.0,0.0,0.0,0.0,0.0,2551731.0,TG,14.10807016883833
Ranipet,Tamil Nadu,75.0,0.0,39.51,9.0,29.0,30.67,44.51,39.51,1210277.0,TN,61.969284717465506
Ratlam,Madhya Pradesh,28.0,0.0,13.33,30.0,30.0,30.0,10.0,13.33,1454483.0,MP,19.25082658236638
Ratnagiri,Maharashtra,60.0,2.0,113.85,36.67,126.67,132.12,121.41,113.85,1612672.0,MH,37.205333756647356
Rayagada,Odisha,0.0,0.0,,,,,,,961959.0,OR,0.0
Reasi,Jammu and Kashmir,3.0,0.0,,,,,,,314714.0,JK,9.53246439624548
Rewa,Madhya Pradesh,3.0,0.0,,,,,,,2363744.0,MP,1.2691729730461505
Rewari,Haryana,5.0,0.0,,,,,,,896129.0,HR,5.579553836557014
Ribhoi,Meghalaya,0.0,0.0,,,,,,,258380.0,ML,0.0
Rohtak,Haryana,7.0,1.0,0.0,0.0,0.0,0.0,0.0,0.0,1058683.0,HR,6.611988668940562
Rohtas,Bihar,75.0,1.0,3.02,1.63,2.02,2.4,2.77,3.02,2962593.0,BR,25.31566097671871
Rudraprayag,Uttarakhand,0.0,0.0,,,,,,,236857.0,UT,0.0
Rupnagar,Punjab,56.0,1.0,71.3,0.0,70.0,70.44,70.88,71.3,683349.0,PB,81.94934067365284
S.A.S. Nagar,Punjab,102.0,3.0,1.13,3.04,2.95,2.32,1.72,1.13,986147.0,PB,103.43285534509559
S.P.S. Nellore,Andhra Pradesh,111.0,3.0,5.21,7.67,6.22,4.59,6.05,5.21,2966082.0,AP,37.423105632278535
Sabar Kantha,Gujarat,27.0,2.0,14.55,,40.75,38.61,23.44,14.55,2427346.0,GJ,11.123259724818793
Sagar,Madhya Pradesh,10.0,1.0,,,,,,,2378295.0,MP,4.204692857698477
Saharanpur,Uttar Pradesh,192.0,0.0,0.88,2.33,2.28,1.8,1.33,0.88,3464228.0,UP,55.4236037581822
Saharsa,Bihar,10.0,0.0,,,,,,,1897102.0,BR,5.2711978586285815
Sahibganj,Jharkhand,0.0,0.0,,,,,,,1150038.0,JH,0.0
Saiha,Mizoram,0.0,0.0,,,,,,,56366.0,MZ,0.0
Saitual,Mizoram,0.0,0.0,,,,,,,,MZ,
Salem,Tamil Nadu,35.0,0.0,0.0,4.0,4.0,0.0,0.0,0.0,3480008.0,TN,10.057448143797373
Samastipur,Bihar,11.0,0.0,,,,,,,4254782.0,BR,2.5853263457446234
Samba,Jammu and Kashmir,11.0,0.0,0.0,0.0,0.0,0.0,0.0,0.0,318611.0,JK,34.524859468128845
Sambalpur,Odisha,0.0,0.0,,,,,,,1044410.0,OR,0.0
Sambhal,Uttar Pradesh,30.0,0.0,4.35,6.16,7.29,7.52,6.98,4.35,2217020.0,UP,13.531677657395964
Sangareddy,Telangana,7.0,0.0,,,,,,,1527628.0,TG,4.5822674106523325
Sangli,Maharashtra,41.0,1.0,19.0,6.67,6.67,5.0,9.0,19.0,2820575.0,MH,14.536043182684386
Sangrur,Punjab,88.0,0.0,0.0,7.81,0.71,0.23,0.0,0.0,1654408.0,PB,53.19123215071494
Sant Kabir Nagar,Uttar Pradesh,32.0,1.0,5.16,6.82,4.36,2.26,3.8,5.16,1714300.0,UP,18.66651111240739
Saraikela-Kharsawan,Jharkhand,0.0,0.0,,,,,,,1063458.0,JH,0.0
Saraikela-kharsawan,Jharkhand,0.0,0.0,,,,,,,1063458.0,JH,0.0
Saran,Bihar,10.0,0.0,3.33,0.0,0.0,0.0,0.0,3.33,3943098.0,BR,2.5360769628348065
Satara,Maharashtra,125.0,2.0,11.11,13.97,19.99,13.87,11.91,11.11,3003922.0,MH,41.61226556481826
Satna,Madhya Pradesh,7.0,1.0,,,,,,,2228619.0,MP,3.140958593640277
Sawai Madhopur,Rajasthan,16.0,1.0,,,,,,,1338114.0,RJ,11.957127718565085
Sehore,Madhya Pradesh,4.0,1.0,,,,,,,1311008.0,MP,3.0510874075520515
Senapati,Manipur,0.0,0.0,,,,,,,354772.0,MN,0.0
Seoni,Madhya Pradesh,1.0,0.0,,,,,,,1378876.0,MP,0.7252283744151032
Serchhip,Mizoram,0.0,0.0,,,,,,,64875.0,MZ,0.0
Shahdol,Madhya Pradesh,3.0,0.0,,,,,,,1064989.0,MP,2.8169305035075487
Shahid Bhagat Singh Nagar,Punjab,104.0,1.0,0.0,9.0,9.0,9.0,4.0,0.0,614362.0,PB,169.28130320560192
Shahjahanpur,Uttar Pradesh,1.0,0.0,,,,,,,3002376.0,UP,0.33306954225586666
Shajapur,Madhya Pradesh,8.0,1.0,,,,,,,1512353.0,MP,5.289770311560859
Shamli,Uttar Pradesh,32.0,0.0,,,,,,,1274815.0,UP,25.1016814204414
Sheikhpura,Bihar,10.0,0.0,,,,,,,634927.0,BR,15.749842107832869
Sheohar,Bihar,3.0,0.0,0.0,,,,0.0,0.0,656916.0,BR,4.566793927990794
Sheopur,Madhya Pradesh,4.0,0.0,,,,,,,687952.0,MP,5.814359141335442
Shi Yomi,Arunachal Pradesh,0.0,0.0,,,,,,,13310.0,AR,0.0
Shimla,Himachal Pradesh,1.0,0.0,,,,,,,813384.0,HP,1.2294316091784447
Shivamogga,Karnataka,8.0,0.0,,,,,,,1755512.0,KA,4.557075086926207
Shivpuri,Madhya Pradesh,3.0,0.0,,,,,,,1725818.0,MP,1.7383061249795748
Shrawasti,Uttar Pradesh,12.0,1.0,5.36,21.86,17.69,12.69,8.69,5.36,1114615.0,UP,10.766049263647089
Shupiyan,Jammu and Kashmir,105.0,0.0,4.9,7.61,6.33,6.15,6.28,4.9,265960.0,JK,394.79620995638436
Siang,Arunachal Pradesh,0.0,0.0,,,,,,,31920.0,AR,0.0
Siddharthnagar,Uttar Pradesh,30.0,0.0,8.52,28.58,9.91,8.16,6.73,8.52,2553526.0,UP,11.748460755833307
Siddipet,Telangana,1.0,0.0,,,,,,,993376.0,TG,1.0066681699578004
Sidhi,Madhya Pradesh,1.0,0.0,,,,,,,1126515.0,MP,0.8876934616938078
Sikar,Rajasthan,12.0,2.0,3.33,25.67,15.67,9.0,4.0,3.33,2677737.0,RJ,4.481396044495781
Simdega,Jharkhand,2.0,0.0,,,,,,,599813.0,JH,3.3343725461102043
Sindhudurg,Maharashtra,7.0,0.0,16.67,,,,36.67,16.67,848868.0,MH,8.246276217268173
Singrauli,Madhya Pradesh,0.0,0.0,,,,,,,1178132.0,MP,0.0
Sipahijala,Tripura,0.0,0.0,,,,,,,484233.0,TR,0.0
Sirmaur,Himachal Pradesh,2.0,0.0,,,,,,,530164.0,HP,3.772417591537713
Sirohi,Rajasthan,14.0,0.0,,,,,,,1037185.0,RJ,13.498074114068368
Sirsa,Haryana,7.0,0.0,,,,,,,1295114.0,HR,5.404929604652564
Sitamarhi,Bihar,7.0,1.0,0.0,0.0,0.0,0.0,0.0,0.0,3419622.0,BR,2.047009874190773
Sitapur,Uttar Pradesh,26.0,0.0,,,,,,,4474446.0,UP,5.810775233403198
Sivaganga,Tamil Nadu,12.0,0.0,,,,,,,1341250.0,TN,8.946877912395154
Sivasagar,Assam,0.0,0.0,,,,,,,1150253.0,AS,0.0
Siwan,Bihar,38.0,0.0,40.0,20.0,0.0,0.0,0.0,40.0,3318176.0,BR,11.452074874871016
Solan,Himachal Pradesh,9.0,1.0,,,,,,,576670.0,HP,15.606846203201135
Solapur,Maharashtra,320.0,19.0,16.89,16.91,24.6,16.59,16.98,16.89,4315527.0,MH,74.15085110115173
Sonbhadra,Uttar Pradesh,1.0,0.0,,,,,,,1862612.0,UP,0.5368804667853531
Sonipat,Haryana,120.0,0.0,8.54,5.17,6.44,6.66,9.14,8.54,1480080.0,HR,81.07669855683477
Sonitpur,Assam,0.0,0.0,,,,,,,1925975.0,AS,0.0
South 24 Parganas,West Bengal,74.0,2.0,9.5,26.55,18.77,8.53,11.39,9.5,8153176.0,WB,9.076217660455264
South Andaman,Andaman and Nicobar Islands,32.0,0.0,0.0,0.0,0.0,0.0,0.0,0.0,238142.0,AN,134.37360902318784
South District,Sikkim,0.0,0.0,,,,,,,146742.0,SK,0.0
South Garo Hills,Meghalaya,0.0,0.0,,,,,,,142574.0,ML,0.0
South Goa,Goa,1.0,0.0,,,,,,,639962.0,GA,1.5625927789462501
South Salmara Mancachar,Assam,1.0,0.0,,,,,,,555114.0,AS,1.801431777977136
South Tripura,Tripura,0.0,0.0,,,,,,,433737.0,TR,0.0
South West Garo Hills,Meghalaya,0.0,0.0,,,,,,,172495.0,ML,0.0
South West Khasi Hills,Meghalaya,0.0,0.0,,,,,,,110152.0,ML,0.0
Sri Muktsar Sahib,Punjab,65.0,0.0,0.0,1.52,0.36,0.0,0.0,0.0,902702.0,PB,72.00604407656127
Srikakulam,Andhra Pradesh,5.0,0.0,0.0,0.0,0.0,0.0,0.0,0.0,2699471.0,AP,1.8522147487415128
Srinagar,Jammu and Kashmir,136.0,4.0,2.72,12.1,11.36,4.89,4.0,2.72,1269751.0,JK,107.1076140125111
Subarnapur,Odisha,0.0,0.0,,,,,,,652107.0,OR,0.0
Sukma,Chhattisgarh,0.0,0.0,,,,,,,249000.0,CT,0.0
Sultanpur,Uttar Pradesh,9.0,0.0,,,,,,,3790922.0,UP,2.3740926349843123
Sundargarh,Odisha,23.0,0.0,19.54,10.21,13.86,16.34,18.15,19.54,2080664.0,OR,11.054163478581836
Supaul,Bihar,7.0,0.0,,,,,,,2228397.0,BR,3.141271505930048
Surajpur,Chhattisgarh,6.0,0.0,,,,,,,660280.0,CT,9.087053977100622
Surat,Gujarat,967.0,43.0,6.2,8.61,9.3,8.08,6.63,6.2,4996391.0,GJ,193.5396969532609
Surendranagar,Gujarat,3.0,0.0,,,,,,,1755873.0,GJ,1.7085518143965992
Surguja,Chhattisgarh,0.0,0.0,,,,,,,420661.0,CT,0.0
Suryapet,Telangana,83.0,0.0,0.0,0.0,0.0,0.0,0.0,0.0,1099560.0,TG,75.48473935028557
Tamenglong,Manipur,0.0,0.0,,,,,,,140143.0,MN,0.0
Tapi,Gujarat,2.0,0.0,,,,,,,806489.0,GJ,2.479885032529892
Tarn Taran,Punjab,158.0,0.0,1.27,59.63,17.33,13.1,2.99,1.27,1120070.0,PB,141.0626121581687
Tawang,Arunachal Pradesh,0.0,0.0,,,,,,,49950.0,AR,0.0
Tehri Garhwal,Uttarakhand,0.0,0.0,,,,,,,616409.0,UT,0.0
Tengnoupal,Manipur,0.0,0.0,,,,,,,,MN,
Tenkasi,Tamil Nadu,50.0,0.0,0.0,4.87,3.54,2.29,1.11,0.0,1407627.0,TN,35.520773614032706
Thane,Maharashtra,3065.0,25.0,12.27,19.95,21.53,16.67,12.72,12.27,11060148.0,MH,277.12106564939273
Thanjavur,Tamil Nadu,65.0,0.0,12.91,50.67,33.52,26.02,14.91,12.91,2402781.0,TN,27.051986843578334
The Dangs,Gujarat,0.0,0.0,,,,,,,226769.0,GJ,0.0
The Nilgiris,Tamil Nadu,0.0,0.0,,,,,,,735071.0,TN,0.0
Theni,Tamil Nadu,72.0,1.0,27.55,,,51.8,24.88,27.55,1243684.0,TN,57.892519321628335
Thiruvallur,Tamil Nadu,495.0,3.0,14.91,48.6,41.47,35.97,23.47,14.91,3725697.0,TN,132.8610458660487
Thiruvananthapuram,Kerala,17.0,1.0,,,,,,,3307284.0,KL,5.140169395794253
Thiruvarur,Tamil Nadu,33.0,0.0,0.0,,20.0,0.0,0.0,0.0,1268094.0,TN,26.023307420427823
Thoothukudi,Tamil Nadu,36.0,1.0,46.67,,,,40.0,46.67,1738376.0,TN,20.70898355706705
Thoubal,Manipur,0.0,0.0,,,,,,,420517.0,MN,0.0
Thrissur,Kerala,15.0,0.0,,,,,,,3110327.0,KL,4.82264404996645
Tikamgarh,Madhya Pradesh,3.0,0.0,,,,,,,1444920.0,MP,2.076239514990449
Tinsukia,Assam,0.0,0.0,,,,,,,1316948.0,AS,0.0
Tirap,Arunachal Pradesh,0.0,0.0,,,,,,,111997.0,AR,0.0
Tiruchirappalli,Tamil Nadu,65.0,0.0,0.0,,72.86,52.86,2.86,0.0,2713858.0,TN,23.95114261689447
Tirunelveli,Tamil Nadu,101.0,1.0,39.17,,,115.01,55.72,39.17,1665253.0,TN,60.65144455527178
Tirupathur,Tamil Nadu,28.0,0.0,18.22,,63.22,43.22,23.22,18.22,1111812.0,TN,25.184113860976485
Tiruppur,Tamil Nadu,114.0,0.0,0.0,0.0,0.0,0.0,0.0,0.0,2471222.0,TN,46.131023436987846
Tiruvannamalai,Tamil Nadu,129.0,0.0,17.97,37.5,36.41,35.41,18.42,17.97,2468965.0,TN,52.24861429789406
Tonk,Rajasthan,144.0,1.0,5.02,0.0,0.0,1.82,3.48,5.02,1421711.0,RJ,101.28640771577345
Tuensang,Nagaland,0.0,0.0,,,,,,,414801.0,NL,0.0
Tumakuru,Karnataka,11.0,2.0,0.0,0.0,0.0,0.0,0.0,0.0,2681449.0,KA,4.1022596364875845
Udaipur,Rajasthan,257.0,0.0,29.62,138.17,144.69,152.72,157.64,29.62,3067549.0,RJ,83.78024279318765
Udalguri,Assam,0.0,0.0,,,,,,,832769.0,AS,0.0
Udham Singh Nagar,Uttarakhand,13.0,0.0,,,,,,,1648367.0,UT,7.8865932161951795
Udhampur,Jammu and Kashmir,22.0,1.0,0.0,,,20.0,0.0,0.0,555357.0,JK,39.61415810010497
Udupi,Karnataka,3.0,0.0,,,,,,,1177908.0,KA,2.5468882119825995
Ujjain,Madhya Pradesh,269.0,45.0,5.69,10.16,8.89,7.72,6.82,5.69,1986864.0,MP,135.38923650536725
Ukhrul,Manipur,0.0,0.0,,,,,,,183115.0,MN,0.0
Umaria,Madhya Pradesh,0.0,0.0,,,,,,,643579.0,MP,0.0
Una,Himachal Pradesh,17.0,0.0,,,,,,,521057.0,HP,32.625989095242936
Unnao,Uttar Pradesh,6.0,0.0,20.0,0.0,20.0,20.0,20.0,20.0,3110595.0,UP,1.9288914178798588
Unokoti,Tripura,0.0,0.0,,,,,,,277335.0,TR,0.0
Upper Dibang Valley,Arunachal Pradesh,0.0,0.0,,,,,,,7948.0,AR,0.0
Upper Siang,Arunachal Pradesh,0.0,0.0,,,,,,,35289.0,AR,0.0
Upper Subansiri,Arunachal Pradesh,0.0,0.0,,,,,,,83205.0,AR,0.0
Uttar Bastar Kanker,Chhattisgarh,0.0,0.0,,,,,,,748593.0,CT,0.0
Uttar Dinajpur,West Bengal,4.0,0.0,,,,,,,3000849.0,WB,1.3329561067551217
Uttara Kannada,Karnataka,41.0,0.0,19.3,,,46.09,27.76,19.3,1353299.0,KA,30.29633510406791
Uttarkashi,Uttarakhand,1.0,0.0,,,,,,,329686.0,UT,3.0331891557421296
Vadodara,Gujarat,592.0,32.0,8.38,10.0,9.5,9.74,9.55,8.38,3639775.0,GJ,162.64741639249678
Vaishali,Bihar,4.0,1.0,,,,,,,3495021.0,BR,1.1444852548811582
Valsad,Gujarat,6.0,1.0,0.0,0.0,0.0,0.0,0.0,0.0,1703068.0,GJ,3.5230536889895183
Varanasi,Uttar Pradesh,90.0,1.0,2.26,8.07,6.32,4.6,3.19,2.26,3682194.0,UP,24.441949555075045
Vellore,Tamil Nadu,35.0,1.0,30.0,,,,30.0,30.0,1614242.0,TN,21.682003070171643
Vidisha,Madhya Pradesh,13.0,0.0,,,,,,,1458212.0,MP,8.915027444569102
Vijayapura,Karnataka,52.0,3.0,7.4,8.02,7.18,6.49,6.98,7.4,2175102.0,KA,23.906924824674892
Vikarabad,Telangana,37.0,1.0,,,,,,,881250.0,TG,41.98581560283688
Viluppuram,Tamil Nadu,316.0,2.0,8.12,22.61,17.87,17.12,10.05,8.12,2093003.0,TN,150.97923892130112
Virudhunagar,Tamil Nadu,45.0,0.0,10.74,3.82,3.48,5.02,10.74,10.74,1943309.0,TN,23.156379145056192
Visakhapatnam,Andhra Pradesh,66.0,1.0,4.95,27.45,24.63,23.27,14.52,4.95,4288113.0,AP,15.391385441568351
Vizianagaram,Andhra Pradesh,4.0,0.0,,,,,,,2342868.0,AP,1.7073091612502285
Wanaparthy,Telangana,0.0,0.0,,,,,,,751553.0,TG,0.0
Warangal Rural,Telangana,0.0,0.0,,,,,,,716457.0,TG,0.0
Warangal Urban,Telangana,27.0,0.0,0.0,0.0,0.0,0.0,0.0,0.0,1135707.0,TG,23.77373741642871
Wardha,Maharashtra,1.0,1.0,,,,,,,1296157.0,MH,0.7715114758474475
Washim,Maharashtra,3.0,0.0,,,,,,,1196714.0,MH,2.5068646309811697
Wayanad,Kerala,13.0,0.0,15.67,10.0,0.0,6.67,11.67,15.67,816558.0,KL,15.920485746266644
West Champaran,Bihar,25.0,0.0,0.0,0.0,0.0,0.0,0.0,0.0,3935042.0,BR,6.353172342252001
West District,Sikkim,0.0,0.0,,,,,,,136299.0,SK,0.0
West Garo Hills,Meghalaya,0.0,0.0,,,,,,,642923.0,ML,0.0
West Godavari,Andhra Pradesh,68.0,0.0,0.0,0.0,0.0,0.0,0.0,0.0,3934782.0,AP,17.281770629224187
West Jaintia Hills,Meghalaya,0.0,0.0,,,,,,,270352.0,ML,0.0
West Kameng,Arunachal Pradesh,0.0,0.0,,,,,,,87013.0,AR,0.0
West Karbi Anglong,Assam,0.0,0.0,,,,,,,300320.0,AS,0.0
West Khasi Hills,Meghalaya,0.0,0.0,,,,,,,385601.0,ML,0.0
West Siang,Arunachal Pradesh,0.0,0.0,,,,,,,112272.0,AR,0.0
West Singhbhum,Jharkhand,0.0,0.0,,,,,,,1501619.0,JH,0.0
West Tripura,Tripura,0.0,0.0,,,,,,,917534.0,TR,0.0
Wokha,Nagaland,0.0,0.0,,,,,,,166239.0,NL,0.0
Y.S.R.,Andhra Pradesh,97.0,0.0,1.07,7.27,6.31,5.62,1.62,1.07,2884524.0,AP,33.62773199321621
Yadadri Bhuvanagiri,Telangana,12.0,0.0,,,,,,,726465.0,TG,16.518345687679382
Yadgir,Karnataka,2.0,0.0,,,,,,,1172985.0,KA,1.7050516417515995
Yamunanagar,Haryana,8.0,0.0,0.0,10.0,0.0,0.0,0.0,0.0,1214162.0,HR,6.5889065874240815
Yanam,Puducherry,0.0,0.0,,,,,,,55626.0,PY,0.0
Yavatmal,Maharashtra,99.0,0.0,3.0,3.91,4.78,4.15,3.56,3.0,2775457.0,MH,35.66980140567842
Zunheboto,Nagaland,0.0,0.0,,,,,,,141014.0,NL,0.0
