district,total_case_count,2020-04-25,2020-04-26,2020-04-27,2020-04-28,2020-04-29,2020-04-30,2020-05-01,2020-05-02,2020-05-03,2020-05-04,2020-05-05,2020-05-06,2020-05-07,2020-05-08,2020-05-09,2020-05-10,2020-05-11,2020-05-12,2020-05-13,2020-05-14,2020-05-15,2020-05-16,2020-05-17,2020-05-18,2020-05-19
"Adilabad, TG",21.0,,,,,,,,,,,,,,,,,,,,,,,,,
"Agar Malwa, MP",13.0,,,,,,,,,,,,,,,,,,,,,,,,,
"Agra, UP",827.0,,,,50.49,36.94,16.91,22.22,23.22,24.66,24.33,22.56,17.91,12.96,8.23,7.62,7.39,7.01,7.16,5.07,3.16,2.74,2.56,1.55,1.48,1.72
"Ahmadabad, GJ",8945.0,,,,50.38,32.52,25.04,21.45,21.45,21.45,18.55,18.21,16.12,14.26,12.58,11.42,9.6,8.58,7.85,7.39,6.81,6.29,8.66,8.25,7.72,7.36
"Ahmadnagar, MH",84.0,,,,,,30.24,23.57,23.57,23.57,28.57,30.0,32.0,33.82,35.48,17.02,8.45,10.9,12.71,14.12,15.25,14.06,9.85,6.9,5.82,3.16
"Airport Quarantine, TN",54.0,,,,,,,,,,,,,,,,,,,,,,,,,113.67
"Aizawl, MZ",1.0,,,,,,,,,,,,,,,,,,,,,,,,,
"Ajmer, RJ",259.0,,,,65.92,52.8,44.66,24.89,25.27,15.76,10.12,9.71,6.38,6.26,7.44,9.44,9.65,10.35,9.55,7.86,5.08,4.14,3.07,2.74,2.41,2.36
"Akola, MH",274.0,,,,46.61,29.83,20.94,14.0,10.24,12.58,11.17,11.73,16.83,19.59,17.76,19.52,20.06,14.28,11.37,9.7,7.77,7.28,7.78,9.7,7.38,5.73
"Alappuzha, KL",10.0,,,,,,,,,,,,,,,,,,,,,,,,,
"Aligarh, UP",99.0,,,,53.58,36.31,28.71,26.4,10.16,9.79,8.78,7.96,9.23,8.55,9.13,8.53,8.0,5.59,5.29,5.03,4.78,4.01,3.28,2.6,3.02,2.91
"Alipurduar, WB",0.0,,,,,,,,,,,,,,,,,,,,,,,,,
"Alirajpur, MP",3.0,,,,,,,,,,,,,,,,,,,,,,,,,
"Almora, UT",2.0,,,,,,,,,,,,,,,,,,,,,,,,,
"Alwar, RJ",36.0,,,,,,,,,,,,45.83,29.17,22.02,16.61,15.28,9.73,8.5,7.55,7.17,6.82,6.51,5.18,4.75,5.26
"Ambala, HR",42.0,,,,,,,20.0,0.0,0.0,0.0,10.0,16.67,16.67,16.67,16.67,6.67,0.0,0.0,0.0,0.0,0.0,0.0,0.0,0.0,0.0
"Ambedkar Nagar, UP",21.0,,,,,,,,,,,,,,,,,,,,,,,,,
"Amethi, UP",26.0,,,,,,,,,,,,,,,,,,,45.67,29.0,23.29,18.97,16.08,19.7,16.36
"Amravati, MH",115.0,,,,,38.55,20.06,20.63,12.34,6.78,8.68,10.17,11.37,12.37,13.51,10.3,9.14,8.23,6.7,6.13,7.21,6.02,4.75,4.79,3.79,2.39
"Amreli, GJ",2.0,,,,,,,,,,,,,,,,,,,,,,,,,
"Amritsar, PB",307.0,,,,20.0,0.0,0.0,480.0,501.2,515.76,515.76,515.76,35.76,19.73,6.15,6.24,6.32,6.4,1.32,0.34,0.25,0.17,0.08,0.5,0.58,0.67
"Amroha, UP",33.0,,,,30.0,10.0,0.0,6.67,11.67,15.67,19.0,19.0,12.33,7.33,3.33,0.0,0.0,0.0,0.0,0.0,0.0,2.86,2.86,2.86,2.86,2.86
"Anand, GJ",83.0,,,,61.89,49.22,34.02,19.93,18.27,10.13,3.22,3.01,3.73,4.4,5.02,5.59,5.29,4.72,3.91,3.14,2.43,1.76,1.43,1.41,1.12,0.83
"Anantapur, AP",122.0,,,,,46.26,23.87,24.04,19.27,17.82,15.47,14.57,11.52,10.47,12.01,10.95,10.53,10.89,10.31,5.73,5.74,5.23,3.31,2.43,1.58,0.78
"Anantnag, JK",247.0,,,,206.56,69.9,21.21,16.82,14.74,13.46,10.32,6.71,5.65,4.9,2.71,2.51,2.31,0.35,0.35,3.42,3.42,3.42,3.25,5.3,10.09,11.14
"Angul, OR",17.0,,,,,,,,,,,,,,,,,,,,,,,,,
"Anjaw, AR",0.0,,,,,,,,,,,,,,,,,,,,,,,,,
"Anugul, OR",0.0,,,,,,,,,,,,,,,,,,,,,,,,,
"Anuppur, MP",3.0,,,,,,,,,,,,,,,,,,,,,,,,,
"Araria, BR",4.0,,,,,,,,,,,,,,,,,,,,,,,,,
"Aravalli, GJ",82.0,,,,0.0,0.0,0.0,0.0,0.0,0.0,20.0,30.0,36.67,41.67,121.67,104.87,96.25,90.22,85.85,6.46,3.84,3.04,2.95,2.86,3.83,3.73
"Ariyalur, TN",355.0,,,,,,,,,,,,369.27,25.83,24.1,18.75,19.47,29.94,21.21,21.46,21.24,19.94,8.9,1.22,0.89,0.74
"Arwal, BR",17.0,,,,,,,,,,,,,,,,,,,,,30.0,10.0,0.0,4.44,4.44
"Ashoknagar, MP",3.0,,,,,,,,,,,,,,,,,,,,,,,,,
"Auraiya, UP",20.0,,,,,,,,,,,,,,,20.0,0.0,0.0,10.0,16.67,16.67,16.67,16.67,6.67,0.0,0.0
"Aurangabad, BR",0.0,,,,,,,,,,,,,,,,,,,,,,,,,
"Aurangabad, MH",0.0,,,,,,,,,,,,,,,,,,,,,,,,,
"Aurangabad(BR), BR",26.0,,,,,,,,,20.0,0.0,0.0,0.0,0.0,0.0,0.0,0.0,10.0,16.67,21.67,21.67,21.67,11.67,5.0,0.0,0.0
"Aurangabad(MH), MH",974.0,,,,57.09,60.43,36.18,35.87,35.59,41.79,25.8,10.7,16.63,19.88,15.46,16.92,29.06,23.1,22.96,21.31,20.83,10.67,13.25,11.28,10.96,9.31
"Azamgarh, UP",14.0,,,,,,,,,,,,,,,,,,,,,,,,,
"Badgam, JK",0.0,,,,,,,,,,,,,,,,,,,,,,,,,
"Bagalkote, KA",76.0,,,,,,50.0,30.0,20.0,10.0,12.22,14.22,37.86,40.36,30.36,28.14,26.14,2.5,11.11,11.59,12.05,12.51,12.95,1.84,1.36,0.9
"Bageshwar, UT",2.0,,,,,,,,,,,,,,,,,,,,,,,,,
"Baghpat, UP",26.0,,,,,,,,,,,,,,30.0,10.0,0.0,0.0,20.0,20.0,20.0,20.0,20.0,0.0,0.0,0.0
"Bahraich, UP",62.0,,,,,,,,45.67,29.0,21.86,15.19,10.19,6.19,2.86,12.5,15.58,16.91,18.16,19.34,7.95,6.98,6.6,6.25,10.3,9.87
"Baksa, AS",0.0,,,,,,,,,,,,,,,,,,,,,,,,,
"Balaghat, MP",0.0,,,,,,,,,,,,,,,,,,,,,,,,,
"Balangir, OR",6.0,,,,,,,,,,,,,,,,,,,,,,,,,
"Baleshwar, OR",121.0,,,,,45.67,29.0,21.86,21.86,21.86,18.94,17.1,14.01,12.41,10.36,7.38,4.96,6.19,6.39,25.0,25.13,25.24,23.92,22.78,4.12,3.96
"Ballari, KA",19.0,,,,,,,,,,,,,,,,,,,,,,,,30.0,30.0
"Ballia, UP",12.0,,,,,,,,,,,,,,,,,,,,,,,,,
"Balod, CT",11.0,,,,,,,,,,,,,,,,,,,,,,,,,
"Baloda Bazar, CT",6.0,,,,,,,,,,,,,,,,,,,,,,,,,
"Balrampur, CT",0.0,,,,,,,,,,,,,,,,,,,,,,,,,
"Balrampur, UP",0.0,,,,,,,,,,,,,,,,,,,,,,,,,
"Balrampur(CT), CT",0.0,,,,,,,,,,,,,,,,,,,,,,,,,
"Balrampur(UP), UP",32.0,,,,,,,,,,,,,,,,,,,,,,,,,
"Bametara, CT",0.0,,,,,,,,,,,,,,,,,,,,,,,,,
"Banas Kantha, GJ",86.0,,,,33.76,14.87,5.92,5.59,5.59,5.59,7.2,14.35,22.07,22.24,24.32,22.12,15.08,6.56,5.64,2.85,2.48,1.19,0.88,0.58,0.29,0.0
"Banda, UP",21.0,,,,,,,,,,30.0,10.0,0.0,20.0,23.33,26.19,28.69,30.91,12.91,9.58,6.72,4.22,2.0,0.0,0.0,0.0
"Bandipore, JK",137.0,,,,115.19,25.19,10.64,2.22,0.0,0.0,0.0,1.33,2.58,3.76,3.76,3.76,2.43,1.18,0.0,0.0,0.0,0.0,0.56,1.1,1.62,1.62
"Banka, BR",40.0,,,,,,,,,,,,,,,,,,,,66.67,48.33,39.87,34.63,15.97,5.97
"Bankura, WB",0.0,,,,,,,,,,,,,,,,,,,,,,,,,
"Banswara, RJ",72.0,,,,,,,,43.33,23.33,13.33,0.0,0.0,0.0,0.0,0.0,0.0,0.0,0.0,0.0,0.0,0.0,0.0,0.0,0.0,0.0
"Bara Banki, UP",29.0,,,,,,,,,,,,,,,,,,,,,,,119.33,99.33,89.33
"Baramula, JK",121.0,,,,54.5,41.97,38.43,21.47,16.38,16.38,16.38,11.87,11.55,3.55,3.46,2.33,2.28,2.22,2.18,2.13,2.09,2.04,2.39,2.34,2.3,2.61
"Baran, RJ",4.0,,,,,,,,,,,,,,,,,,,,,,,,,
"Bareilly, UP",20.0,,,,,,,,,,,,20.0,0.0,0.0,0.0,0.0,0.0,0.0,0.0,0.0,0.0,5.0,17.0,19.5,21.72
"Bargarh, OR",0.0,,,,,,,,,,,,,,,,,,,,,,,,,
"Barmer, RJ",50.0,,,,,,,,,,,,,,,,,,,,,51.0,31.95,25.59,27.38,23.24
"Barnala, PB",21.0,,,,,,,,,,,,,,,41.67,21.67,11.67,5.0,0.0,0.0,0.0,0.0,0.0,0.0,0.0
"Barpeta, AS",0.0,,,,,,,,,,,,,,,,,,,,,,,,,
"Barwani, MP",33.0,,,,,,,,,,,,,,,,,,,,,,,,,
"Bastar, CT",0.0,,,,,,,,,,,,,,,,,,,,,,,,,
"Basti, UP",98.0,,,,,,,,,,,,,20.87,18.49,16.9,14.1,13.42,11.57,10.17,9.08,12.03,12.81,12.23,11.03,11.72
"Bathinda, PB",41.0,,,,,,,,,,,,,,,47.33,27.33,17.33,4.0,0.0,0.0,0.0,0.0,0.0,0.0,0.0
"Baudh, OR",0.0,,,,,,,,,,,,,,,,,,,,,,,,,
"Begusarai, BR",82.0,,,,,,,,,,,,,,,,,,,,27.43,28.84,25.35,19.47,17.9,17.46
"Belagavi, KA",116.0,,,,,,32.33,27.38,22.91,19.42,16.59,3.74,2.5,2.44,6.93,9.7,12.03,12.37,12.7,8.46,5.92,3.81,3.67,3.54,3.42,2.69
"Bengaluru, KA",246.0,,,,45.16,28.76,17.37,11.56,11.56,11.56,7.35,7.81,4.77,1.99,3.86,6.49,6.04,5.7,6.25,4.78,2.83,4.81,6.91,6.24,5.99,5.89
"Bengaluru Rural, KA",6.0,,,,,,,,,,,,,,,,,,,,,,,,,
"Betul, MP",9.0,,,,,,,,,,,,,,,,,,,,,,,,,
"Bhadohi, UP",9.0,,,,,,,,,,,,,,,,,,,,,,,,,
"Bhadradri Kothagudem, TG",4.0,,,,,,,,,,,,,,,,,,,,,,,,,
"Bhadrak, OR",95.0,,,,27.02,8.45,7.79,7.22,6.73,6.3,5.92,5.59,5.29,5.03,4.78,4.56,8.36,8.06,7.77,7.51,7.26,5.89,7.69,9.24,10.59,11.79
"Bhagalpur, BR",47.0,,,,,,,,,,,,,,,,,,50.0,47.14,38.68,33.44,24.78,22.69,6.73,10.74
"Bhandara, MH",3.0,,,,,,,,,,,,,,,,,,,,,,,,,
"Bharatpur, RJ",129.0,,,,25.36,20.91,12.91,11.4,10.21,10.78,12.56,13.9,13.03,11.36,8.29,4.29,0.95,0.0,2.73,5.13,7.27,9.21,9.79,8.78,7.96,5.82
"Bharuch, GJ",36.0,,,,,,,,,,,,,,,,,,,,,23.33,3.33,0.0,0.0,0.0
"Bhavnagar, GJ",114.0,,,,,61.58,18.25,17.89,17.61,17.39,15.21,10.21,12.32,10.73,9.33,13.4,12.64,8.89,9.1,9.69,4.94,4.75,4.57,4.07,4.18,3.66
"Bhilwara, RJ",82.0,,,,,,,,,20.0,0.0,0.0,5.0,9.0,12.33,12.33,12.33,7.33,3.33,0.0,0.0,0.0,0.0,14.29,55.95,57.03
"Bhind, MP",25.0,,,,,,,,,,,,,,,,,,,,,,59.19,20.62,19.95,24.15
"Bhiwani, HR",6.0,,,,,,,,,,,,,,,,,,,,,,,,,
"Bhojpur, BR",38.0,,,,,,,45.67,28.52,18.94,12.68,8.08,4.47,2.0,1.96,1.92,1.89,4.0,5.83,7.46,7.35,7.24,6.26,5.68,5.2,4.94
"Bhopal, MP",1046.0,,,,60.3,26.52,19.48,14.88,14.35,11.2,10.33,8.1,8.59,9.6,9.36,8.22,9.47,8.53,6.92,7.53,7.73,6.77,6.31,6.23,5.26,4.26
"Bid, MH",3.0,,,,,,,,,,,,,,,,,,,,,,,,,
"Bidar, KA",57.0,,,,,,,,,,,,,,,,,,,,,83.38,64.0,54.61,15.2,7.99
"Bijapur, CT",0.0,,,,,,,,,,,,,,,,,,,,,,,,,
"Bijapur(CT), CT",0.0,,,,,,,,,,,,,,,,,,,,,,,,,
"Bijnor, UP",49.0,,,,,,,,,41.67,21.67,11.67,5.0,0.0,4.0,7.33,10.19,12.69,14.91,12.91,11.4,8.54,6.04,3.82,1.82,0.0
"Bikaner, RJ",65.0,,,,,,,,,,,,,,,,,,,,,,30.0,43.33,58.33,75.48
"Bilaspur, CT",0.0,,,,,,,,,,,,,,,,,,,,,,,,,
"Bilaspur, HP",0.0,,,,,,,,,,,,,,,,,,,,,,,,,
"Bilaspur(CT), CT",1.0,,,,,,,,,,,,,,,,,,,,,,,,,
"Bilaspur(HP), HP",7.0,,,,,,,,,,,,,,,,,,,,,,,,,
"Birbhum, WB",12.0,,,,,,,,,,,,,,,,,,,,,,,,,
"Bishnupur, MN",0.0,,,,,,,,,,,,,,,,,,,,,,,,,
"Biswanath, AS",2.0,,,,,,,,,,,,,,,,,,,,,,,,,
"Bokaro, JH",10.0,,,,,,,,,,,,,,,,,,,,,,,,,
"Bongaigaon, AS",5.0,,,,,,,,,,,,,,,,,,,,,,,,,
"Botad, GJ",56.0,,,,45.67,37.33,33.74,31.41,34.47,17.08,17.72,20.16,21.28,15.13,13.39,11.91,7.6,3.81,2.9,2.03,1.2,0.0,0.0,0.0,0.0,0.0
"Boudh, OR",5.0,,,,,,,,,,,,,,,,,,,,,,,,,
"Budaun, UP",17.0,,,,,,,,0.0,0.0,0.0,0.0,0.0,0.0,0.0,0.0,0.0,0.0,0.0,0.0,0.0,0.0,0.0,0.0,0.0,0.0
"Budgam, JK",59.0,,,,,,,,,,,,,,,,,,,14.91,15.58,16.03,16.35,19.74,22.06,17.39
"Bulandshahr, UP",95.0,,,,51.9,33.11,12.25,10.19,8.73,7.86,8.74,9.48,7.12,6.44,7.57,6.94,6.4,7.32,5.87,5.48,5.14,4.63,3.57,3.53,2.55,1.64
"Buldana, MH",30.0,,,,,,,,,,,,,,,,,,,,,,,,,
"Bundi, RJ",0.0,,,,,,,,,,,,,,,,,,,,,,,,,
"Burhanpur, MP",194.0,,,,,,,,,,,,,,45.67,26.71,18.29,12.54,8.95,6.26,6.45,8.78,11.13,11.39,11.62,14.14
"Buxar, BR",64.0,,,,,,47.61,42.95,38.38,35.55,10.1,6.1,2.76,1.62,0.0,0.0,0.0,0.0,0.0,0.0,0.5,0.99,1.46,1.93,4.2,5.74
"Cachar, AS",14.0,,,,,,,,,,,,,,,,,,25.0,0.0,0.0,0.0,0.0,0.0,4.44,4.44
"Chamarajanagara, KA",0.0,,,,,,,,,,,,,,,,,,,,,,,,,
"Chamba, HP",13.0,,,,,,,,,,,,,,,,,,,0.0,0.0,0.0,0.0,0.0,0.0,0.0
"Chamoli, UT",1.0,,,,,,,,,,,,,,,,,,,,,,,,,
"Champawat, UT",0.0,,,,,,,,,,,,,,,,,,,,,,,,,
"Champhai, MZ",0.0,,,,,,,,,,,,,,,,,,,,,,,,,
"Chandauli, UP",12.0,,,,,,,,,,,,,,,,,,,,,,,,,
"Chandel, MN",0.0,,,,,,,,,,,,,,,,,,,,,,,,,
"Chandigarh, CH",199.0,,,,,,,53.1,32.6,20.57,13.45,13.96,9.94,10.02,11.38,13.83,10.88,9.92,8.62,6.86,3.2,2.88,2.01,1.47,1.2,1.3
"Chandrapur, MH",5.0,,,,,,,,,,,,,,0.0,0.0,0.0,0.0,0.0,0.0,0.0,0.0,0.0,0.0,0.0,0.0
"Changlang, AR",0.0,,,,,,,,,,,,,,,,,,,,,,,,,
"Charaideo, AS",0.0,,,,,,,,,,,,,,,,,,,,,,,,,
"Charki Dadri, HR",6.0,,,,,,,,,,,,,,,,,,,,,,0.0,0.0,0.0,0.0
"Chatra, JH",0.0,,,,,,,,,,,,,,,,,,,,,,,,,
"Chengalpattu, TN",556.0,,,,,60.0,56.67,71.21,76.48,77.31,40.51,48.67,36.89,35.14,40.29,44.17,24.96,31.37,30.31,25.89,19.33,15.4,6.89,5.85,6.31,6.73
"Chennai, TN",7677.0,,,,70.72,38.47,34.59,36.61,35.26,29.41,28.04,25.15,22.52,20.84,19.75,16.94,16.28,15.41,14.73,12.9,12.3,10.07,8.15,7.23,6.68,6.83
"Chhatarpur, MP",0.0,,,,,,,,,,,,,,,,,,,,,,,,,
"Chhindwara, MP",5.0,,,,,,,,,,,,,,,,,,,,,,,,,
"Chikkaballapura, KA",24.0,,,,,,0.0,0.0,20.0,30.0,36.67,36.67,36.67,16.67,6.67,0.0,5.0,9.0,12.33,12.33,12.33,7.33,3.33,0.0,0.0,0.0
"Chikkamagaluru, KA",5.0,,,,,,,,,,,,,,,,,,,,,,,,,
"Chirang, AS",0.0,,,,,,,,,,,,,,,,,,,,,,,,,
"Chitradurga, KA",10.0,,,,,,,,,,,,,,,,,,,,0.0,0.0,6.67,11.67,15.67,19.0
"Chitrakoot, UP",16.0,,,,,,,,,,,,,,,,,,,,,30.0,10.0,0.0,0.0,6.67
"Chittaurgarh, RJ",160.0,,,,,,,,,,,52.48,32.83,34.5,29.8,14.46,15.63,19.18,13.9,12.78,11.87,8.37,4.58,4.67,3.68,2.35
"Chittoor, AP",192.0,,,,15.73,13.51,11.86,12.86,13.58,14.13,12.42,11.95,9.26,7.16,5.46,8.12,10.52,11.01,11.62,12.31,10.68,8.88,8.13,6.79,6.76,5.38
"Chota Udaipur, GJ",22.0,,,,30.0,10.0,0.0,0.0,0.0,0.0,0.0,0.0,0.0,0.0,0.0,0.0,0.0,0.0,0.0,26.67,38.1,39.91,41.58,43.12,17.88,7.79
"Churachandpur, MN",1.0,,,,,,,,,,,,,,,,,,,,,,,,,
"Churu, RJ",49.0,,,,,,,,,,,,,,,,,,,,,97.44,78.62,19.73,13.28,7.01
"Coimbatore, TN",145.0,,,,,,,,,,,,,,0.0,0.0,0.0,0.0,0.0,0.0,0.0,0.0,0.0,0.0,0.0,0.0
"Cooch Behar, WB",0.0,,,,,,,,,,,,,,,,,,,,,,,,,
"Cuddalore, TN",420.0,,,,,,,,,,,,322.89,285.04,227.11,23.94,13.85,4.5,2.4,1.25,1.14,1.13,1.13,1.13,0.26,0.31
"Cuttack, OR",27.0,,,,,,,,,,,,,,,,,,,,,,,,,
"Dadra and Nagar Haveli, DN",1.0,,,,,,,,,,,,,,,,,,,,,,,,,
"Dakshin Bastar Dantewada, CT",0.0,,,,,,,,,,,,,,,,,,,,,,,,,
"Dakshin Dinajpur, WB",3.0,,,,,,,,,,,,,,,,,,,,,,,,,
"Dakshina Kannada, KA",48.0,,,,,43.33,23.33,21.33,8.0,8.0,8.0,8.0,8.57,8.57,8.57,8.57,8.57,0.0,0.0,2.0,3.82,5.48,7.02,8.45,9.12,7.3
"Daman, DN",0.0,,,,,,,,,,,,,,,,,,,,,,,,,
"Damoh, MP",1.0,,,,,,,,,,,,,,,,,,,,,,,,,
"Dang, GJ",2.0,,,,,,,,,,,,,,,,,,,,,,,,,
"Darbhanga, BR",16.0,,,,,,,,,,,,,,,,,,,,40.71,20.71,5.71,0.0,0.0,0.0
"Darjeeling, WB",9.0,,,,,,,,,,,,,,,,20.0,0.0,0.0,0.0,0.0,0.0,0.0,0.0,0.0,0.0
"Darrang, AS",0.0,,,,,,,,,,,,,,,,,,,,,,,,,
"Datia, MP",3.0,,,,,,,,,,,,,,,,,,,,,,,,,
"Dausa, RJ",39.0,,,,,,,,,,,,,,,,,,,,,46.86,30.19,18.05,21.44,17.39
"Davanagere, KA",110.0,,,,,,,,,,,154.29,35.34,36.34,49.67,53.1,19.3,19.68,24.01,11.38,8.97,8.8,7.69,2.67,2.28,7.32
"Debagarh, OR",2.0,,,,,,,,,,,,,,,,,,,,,,,,,
"Dehradun, UT",47.0,,,,,51.67,31.67,21.67,15.0,2.86,2.86,2.86,2.86,2.86,0.0,0.0,0.0,0.0,0.0,0.0,7.5,9.32,10.98,12.52,15.38,7.88
"Delhi, DL",10554.0,,,,,,,,,,,,,,,,,,,,,,,,,
"Deoghar, JH",5.0,,,,,,,,,,,,,,,,,,,,,,,,,
"Deoria, UP",25.0,,,,,,,,,,,,,,,,,,,,,,,,,
"Devbhumi Dwarka, GJ",12.0,,,,,,,,,,,,,,,,,,,,,,,,0.0,0.0
"Dewas, MP",63.0,,,,,45.67,29.0,21.86,15.19,10.19,6.19,2.86,0.0,2.5,4.72,12.72,22.72,27.48,28.83,28.54,21.72,11.72,6.96,3.11,1.73,0.56
"Dhalai, TR",160.0,,,,,,,,,,,,,,,59.3,41.95,26.92,23.24,20.57,9.35,6.81,5.75,4.42,3.23,2.14
"Dhamtari, CT",0.0,,,,,,,,,,,,,,,,,,,,,,,,,
"Dhanbad, JH",6.0,,,,,,,,,,,,,,,,,,,,,,,,,
"Dhar, MP",107.0,,,,,,,,,,40.08,24.29,14.72,13.48,10.82,5.9,3.29,4.33,5.29,5.84,7.89,8.48,7.99,7.55,7.48,5.23
"Dharmapuri, TN",5.0,,,,,,,,,,,,,,,,,30.0,10.0,0.0,0.0,0.0,0.0,0.0,0.0,0.0
"Dharwad, KA",26.0,,,,,,,,,,,,,,,,,20.0,0.0,0.0,0.0,0.0,0.0,40.0,40.0,40.0
"Dhaulpur, RJ",28.0,,,,,,,39.17,39.17,39.17,39.17,23.61,17.25,16.73,14.23,14.23,9.79,6.15,0.0,0.0,0.0,0.0,0.0,0.0,0.0,1.18
"Dhemaji, AS",0.0,,,,,,,,,,,,,,,,,,,,,,,,,
"Dhenkanal, OR",1.0,,,,,,,,,,,,,,,,,,,,,,,,,
"Dhubri, AS",5.0,,,,,,,,,,,,,,,,,,,,,,,,,
"Dhule, MH",83.0,,,,44.31,12.31,0.0,0.0,0.0,0.95,5.5,9.2,9.83,10.43,10.07,6.09,4.61,6.49,8.1,10.72,11.87,11.23,9.62,8.24,5.85,4.13
"Dibrugarh, AS",0.0,,,,,,,,,,,,,,,,,,,,,,,,,
"Dima Hasao, AS",0.0,,,,,,,,,,,,,,,,,,,,,,,,,
"Dimapur, NL",0.0,,,,,,,,,,,,,,,,,,,,,,,,,
"Dindigul, TN",126.0,,,,0.0,0.0,0.0,0.0,6.67,11.67,15.67,39.0,52.85,47.09,42.96,39.79,18.86,7.15,7.54,8.48,9.32,7.94,9.22,9.18,8.53,7.98
"Dindori, MP",4.0,,,,,,,,,,,,,,,,,,,,,,,,,
"Diu, DN",0.0,,,,,,,,,,,,,,,,,,,,,,,,,
"Doda, JK",1.0,,,,,,,,,,,,,,,,,,,,,,,,,
"Dohad, GJ",28.0,,,,,,,,,,,,74.22,61.49,52.83,14.08,11.86,9.86,2.58,1.25,0.0,0.0,0.0,2.35,6.56,6.56
"Dumka, JH",2.0,,,,,,,,,,,,,,,,,,,,,,,,,
"Dungarpur, RJ",211.0,,,,,,,,,,,,,,,30.0,10.0,6.67,11.67,15.67,19.0,21.86,82.69,87.98,108.13,119.67
"Durg, CT",10.0,,,,,,,,,,,,,,,20.0,0.0,0.0,0.0,0.0,0.0,0.0,0.0,0.0,0.0,0.0
"East Champaran, BR",19.0,,,,,,,,,,,,,,,,,,,,35.19,17.69,14.91,13.91,10.58,7.72
"East District, SK",0.0,,,,,,,,,,,,,,,,,,,,,,,,,
"East Garo Hills, ML",0.0,,,,,,,,,,,,,,,,,,,,,,,,,
"East Godavari, AP",57.0,,,,,45.58,19.58,14.91,14.91,12.41,10.19,6.19,2.86,0.0,0.0,0.0,0.0,0.0,0.0,5.0,7.0,8.82,9.65,10.45,6.22,4.22
"East Jaintia Hills, ML",0.0,,,,,,,,,,,,,,,,,,,,,,,,,
"East Kameng, AR",0.0,,,,,,,,,,,,,,,,,,,,,,,,,
"East Khasi Hills, ML",13.0,,,,,,,,,,,20.0,0.0,0.0,0.0,0.0,0.0,0.0,0.0,0.0,0.0,0.0,0.0,0.0,0.0,0.0
"East Siang, AR",0.0,,,,,,,,,,,,,,,,,,,,,,,,,
"East Singhbhum, JH",6.0,,,,,,,,,,,,,,,,,,,,,,,,,
"Ernakulam, KL",29.0,,,,,,,,,,,,,,,,,,,,20.0,0.0,0.0,0.0,10.0,10.0
"Erode, TN",70.0,,,,,,,,,,,,,,,,,,,,,,,,,
"Etah, UP",11.0,,,,,,,,,,,,17.58,11.4,10.21,9.25,8.45,7.79,5.97,4.3,2.76,1.33,0.0,0.0,0.0,0.0
"Etawah, UP",4.0,,,,,,,,,,,,,,,,,,,,,,,,,
"Faizabad, UP",7.0,,,,,,,,,,,,,,,,,,,,,,49.67,29.67,19.67,13.0
"Faridabad, HR",163.0,,,,,,,,162.22,164.22,167.86,169.4,12.25,17.53,19.17,16.3,15.5,17.65,17.57,15.61,19.45,21.52,17.62,10.97,10.05,8.57
"Faridkot, PB",61.0,,,,,,,,,,,77.67,57.67,47.67,41.0,36.0,0.0,0.0,0.48,0.94,1.4,1.84,3.14,4.3,4.59,4.14
"Farrukhabad, UP",20.0,,,,,,,,,,,,,,,,,,,,,,,27.57,26.9,26.52
"Fatehabad, HR",8.0,,,,,,,,,,,,,,,,,,,,,,,,,
"Fatehgarh Sahib, PB",56.0,,,,,,,,,,,,,35.77,15.91,15.0,16.25,18.59,20.82,17.34,13.64,8.64,3.14,0.0,0.0,0.0
"Fatehpur, UP",23.0,,,,,,,,,,,,,,,,,,,,,,30.0,23.33,13.33,13.33
"Fazilka, PB",44.0,,,,,,,,,,,,,,,,,0.0,20.0,20.0,20.0,20.0,20.0,0.0,0.0,0.0
"Firozabad, UP",203.0,,,,198.16,18.16,2.16,14.05,20.88,25.23,29.16,31.24,21.49,13.84,10.87,8.45,6.96,3.91,3.87,2.49,0.99,0.39,0.76,0.76,1.31,1.31
"Firozpur, PB",44.0,,,,,,,,,,,,,,13.63,1.63,0.8,0.0,0.0,0.0,0.0,0.0,0.0,0.0,0.0,0.0
"Gadag, KA",18.0,,,,,,,,,,,,,,,,,,,,,,,,28.54,10.21
"Gadchiroli, MH",0.0,,,,,,,,,,,,,,,,,,,,,,,,,
"Gajapati, OR",0.0,,,,,,,,,,,,,,,,,,,,,,,,,
"Ganderbal, JK",25.0,,,,,,,,,,,,,,,,,,80.0,20.0,0.0,0.0,0.0,0.0,0.0,2.5
"Gandhinagar, GJ",190.0,,,,,114.51,44.51,37.17,34.5,25.73,26.2,16.87,17.52,7.44,8.79,11.67,12.97,13.46,12.42,10.01,4.6,4.36,3.44,3.64,5.1,6.19
"Ganganagar, RJ",0.0,,,,,,,,,,,,,,,,,,,,,,,,,
"Ganjam, OR",307.0,,,,,,,,,,,,,,,,,532.82,53.35,25.66,24.42,17.02,13.26,13.82,8.15,4.09
"Garhwa, JH",29.0,,,,,,,,,,,,,,,,,,,,,,45.67,29.0,21.86,15.19
"Gariaband, CT",1.0,,,,,,,,,,,,,,,,,,,,,,,,,
"Gautam Buddha Nagar, UP",300.0,,,,39.75,24.25,26.81,27.08,14.58,16.43,14.76,13.76,10.01,9.3,7.61,7.25,5.88,6.39,6.33,7.4,5.98,5.65,5.04,5.4,4.04,3.38
"Gaya, BR",11.0,,,,,,,,,,,,,,,,,,,,,,,,,
"Ghaziabad, UP",194.0,,,,46.85,30.05,22.81,16.29,13.25,16.62,17.95,18.27,18.05,17.87,12.99,9.69,8.37,7.48,6.34,4.55,6.46,5.14,5.4,6.26,6.25,3.6
"Ghazipur, UP",43.0,,,,,,,,,,,,,,,,,,,,,89.17,70.12,61.03,55.23,36.06
"Gir Somnath, GJ",28.0,,,,,,,,,,,,,,,,,,,,39.72,20.26,14.47,11.28,13.62,13.77
"Giridih, JH",10.0,,,,,,,,,,,,,,,,,,,,,,,30.0,20.0,0.0
"Goalpara, AS",6.0,,,,,,,,,,,,,,,,,,,,,,,,,
"Godda, JH",1.0,,,,,,,,,,,,,,,,,,,,,,,,,
"Golaghat, AS",15.0,,,,,,,,,,,,,,,,,,,,,,,,,
"Gomati, TR",2.0,,,,,,,,,,,,,,,,,,,,,,,,,
"Gonda, UP",36.0,,,,,,,,,,,,,,43.67,27.3,20.38,21.71,19.57,18.4,15.57,13.26,6.74,5.26,5.72,6.13
"Gondiya, MH",1.0,,,,,,,,,,,,,,,,,,,,,,,,,
"Gopalganj, BR",63.0,,,,,,,,20.0,0.0,0.0,0.0,0.0,0.0,0.0,0.0,0.0,0.0,3.33,6.19,9.94,13.1,15.83,17.29,18.31,14.56
"Gorakhpur, UP",21.0,,,,,,,,,,,,20.0,0.0,0.0,0.0,0.0,0.0,0.0,0.0,40.0,43.33,49.05,51.27,53.27,15.09
"Gumla, JH",2.0,,,,,,,,,,,,,,,,,,,,,,,,,
"Guna, MP",1.0,,,,,,,,,,,,,,,,,,,,,,,,,
"Guntur, AP",417.0,,,,35.52,30.83,29.51,29.84,17.72,13.73,8.87,9.73,7.66,8.42,6.85,4.37,3.36,2.47,3.11,4.59,4.79,5.62,6.47,5.04,3.46,3.05
"Gurdaspur, PB",124.0,,,,,,,,,,,,303.78,285.25,40.7,36.26,7.16,6.92,5.45,0.0,0.0,0.0,0.0,0.0,0.0,0.18
"Gurugram, HR",220.0,,,,28.82,20.36,8.45,10.45,15.3,21.13,20.2,25.24,30.13,27.47,22.27,25.35,19.65,11.51,10.39,8.87,5.8,6.35,7.53,6.03,6.07,6.48
"Gwalior, MP",72.0,,,,,,,,,,,,,,,,,,43.17,24.65,18.1,14.37,16.52,17.95,18.76,17.37
"Hailakandi, AS",1.0,,,,,,,,,,,,,,,,,,,,,,,,,
"Hamirpur, HP",0.0,,,,,,,,,,,,,,,,,,,,,,,,,
"Hamirpur, UP",0.0,,,,,,,,,,,,,,,,,,,,,,,,,
"Hamirpur(HP), HP",15.0,,,,,,,,,,,,,,,,,,,,30.0,36.67,41.67,49.67,43.95,33.95
"Hamirpur(UP), UP",2.0,,,,,,,,,,,,,,,,,,,,,,,,,
"Hanumangarh, RJ",14.0,,,,,,,,,,,,,,,,,,,,,,,,30.0,10.0
"Hapur, UP",87.0,,,,39.17,19.17,9.17,2.5,4.44,20.81,21.81,22.76,23.67,25.31,10.28,10.53,10.17,9.83,4.3,4.05,3.31,7.72,7.95,8.16,7.45,7.67
"Harda, MP",3.0,,,,,,,,,,,,,,,,,,,,,,,,,
"Hardoi, UP",19.0,,,,,,,,,,,,,,,,,,,,,,,,48.33,31.41
"Haridwar, UT",7.0,,,,,,,,,,,,,,,,,,,,,,,,,
"Hassan, KA",33.0,,,,,,,,,,,,,,,,,,,,,,,,,37.86
"Hathras, UP",20.0,,,,,,,,,,,,,20.0,0.0,0.0,0.0,0.0,0.0,0.0,0.0,0.0,0.0,0.0,0.0,0.0
"Haveri, KA",3.0,,,,,,,,,,,,,,,,,,,,,,,,,
"Hazaribagh, JH",32.0,,,,,,,,,,,,,,,,,,,,,,45.98,26.54,17.08,13.57
"Hingoli, MH",104.0,,,,,20.0,0.0,0.0,0.0,50.0,52.86,55.36,62.02,62.02,12.02,9.17,6.67,1.67,3.21,3.21,3.21,3.21,2.97,2.76,12.76,12.76
"Hisar, HR",9.0,,,,,,,,,,,,,,,,,,,,,,,,,
"Hnahthial, MZ",0.0,,,,,,,,,,,,,,,,,,,,,,,,,
"Hojai, AS",2.0,,,,,,,,,,,,,,,,,,,,,,,,,
"Hooghly, WB",153.0,,,,45.67,29.0,21.86,17.69,14.91,12.91,11.4,10.21,12.32,11.35,10.53,18.15,34.98,31.34,30.47,30.57,21.3,2.98,3.7,3.48,2.66,2.94
"Hoshangabad, MP",37.0,,,,,30.48,12.02,8.45,7.79,7.22,5.55,4.01,2.58,1.25,0.0,0.0,0.0,0.0,0.0,0.0,0.0,0.0,0.0,0.0,0.0,0.0
"Hoshiarpur, PB",95.0,,,,,,,,,,169.38,163.1,158.47,154.83,1.85,1.82,2.48,3.09,3.66,4.2,3.85,2.82,1.83,0.9,0.0,0.0
"Howrah, WB",625.0,,,,45.67,29.0,21.86,17.69,14.91,12.91,11.4,11.4,11.4,12.42,13.44,12.18,12.49,11.32,10.1,7.42,8.08,6.16,5.55,4.29,5.06,4.84
"Hyderabad, TG",1041.0,,,,44.97,26.55,18.01,13.73,11.72,11.27,10.15,10.66,11.09,9.42,6.92,9.79,10.3,15.2,16.03,16.62,15.37,14.45,9.69,8.82,8.03,7.15
"Idukki, KL",24.0,,,,,38.89,18.89,8.89,0.0,0.0,0.0,0.0,0.0,0.0,0.0,0.0,0.0,0.0,0.0,0.0,0.0,0.0,0.0,0.0,0.0,0.0
"Imphal East, MN",3.0,,,,,,,,,,,,,,,,,,,,,,,,,
"Imphal West, MN",3.0,,,,,,,,,,,,,,,,,,,,,,,,,
"Indore, MP",2637.0,,,,112.23,40.5,30.3,20.09,18.66,7.78,4.48,5.37,5.08,4.54,4.52,4.5,5.07,5.98,7.11,8.05,8.95,8.05,7.55,7.22,6.78,5.45
"Jabalpur, MP",184.0,,,,,276.02,38.94,15.05,9.91,10.69,7.29,6.73,6.79,6.56,5.5,5.59,4.14,5.5,4.76,6.39,7.4,8.24,7.1,6.46,4.73,3.29
"Jagatsinghapur, OR",28.0,,,,,,,,,,,,,,,,,,,45.67,29.0,21.86,17.69,14.91,12.91,11.4
"Jagitial, TG",4.0,,,,,,,,,,,,,,,,,,,,,,,,,
"Jaipur, RJ",1640.0,,,,69.89,25.17,22.23,19.76,16.99,14.89,13.77,12.12,12.48,10.38,9.43,9.7,8.99,7.45,7.6,8.04,6.26,6.0,8.84,9.05,7.96,7.69
"Jaisalmer, RJ",59.0,,,,,,,,,,,,,,,,,,,,,,,34.06,29.06,14.06
"Jajapur, OR",168.0,,,,43.67,25.48,17.15,13.56,13.56,13.56,13.56,9.23,8.52,6.7,5.03,1.96,1.29,0.61,2.37,6.15,13.88,14.54,23.77,22.22,18.65,17.38
"Jalandhar, PB",209.0,,,,46.47,33.67,29.25,18.6,19.06,16.3,16.81,16.73,9.16,6.65,7.77,9.8,9.25,9.92,8.46,6.37,4.22,4.04,3.88,3.3,3.85,2.91
"Jalaun, UP",41.0,,,,,,,,,20.0,20.0,20.0,20.0,30.0,16.67,116.67,117.5,118.3,112.92,106.25,6.25,5.42,4.62,0.0,0.0,0.0
"Jalgaon, MH",292.0,,,,52.24,39.82,20.69,9.52,6.57,4.18,4.01,3.86,7.85,14.27,20.85,31.16,39.1,34.54,28.9,23.27,14.15,7.87,7.97,7.83,8.3,6.38
"Jalna, MH",36.0,,,,,0.0,0.0,0.0,0.0,0.0,0.0,0.0,0.0,0.0,0.0,0.0,0.0,0.0,40.0,46.67,51.67,55.67,59.0,21.86,35.19,30.19
"Jalor, RJ",97.0,,,,,,,,,,,,,,,,,,,48.84,52.0,51.11,35.27,31.88,37.74,14.58
"Jalpaiguri, WB",4.0,,,,,,,,,,,,,,,,,,,,,,,,,
"Jammu, JK",47.0,,,,,,,,,,,,,,,,38.69,25.36,18.69,18.21,17.86,17.58,12.91,11.4,10.21,7.71
"Jamnagar, GJ",42.0,,,,,,,,,,,,,,,,97.1,79.71,40.48,19.37,9.27,6.91,4.93,4.77,3.13,3.04
"Jamtara, JH",2.0,,,,,,,,,,,,,,,,,,,,,,,,,
"Jamui, BR",15.0,,,,,,,,,,,,,,,,,,,,,,,,,
"Jangoan, TG",3.0,,,,,,,,,,,,,,,,,,,,,,,,,
"Janjgir Champa, CT",11.0,,,,,,,,,,,,,,,,,,,,,,,,,
"Jashpur, CT",0.0,,,,,,,,,,,,,,,,,,,,,,,,,
"Jaunpur, UP",30.0,,,,,,,,,,,,,,,,,,,,45.67,39.0,47.0,41.39,37.39,33.39
"Jayashankar, TG",3.0,,,,,,,,,,,,,,,,,,,,,,,,,
"Jehanabad, BR",58.0,,,,,,,,,,,,,,,,,,,45.67,31.22,23.83,19.47,15.16,11.83,6.92
"Jhabua, MP",11.0,,,,,,,,,,,,,,,,,,,,,,,30.0,10.0,0.0
"Jhajjar, HR",90.0,,,,,,,,,,383.36,26.49,24.32,14.8,13.96,6.39,3.25,1.22,0.58,0.58,1.42,1.69,1.96,1.67,1.38,0.54
"Jhalawar, RJ",50.0,,,,,,37.33,33.33,0.0,0.0,0.0,1.25,4.78,9.78,13.78,13.78,12.53,9.0,4.0,0.0,0.0,0.0,3.33,6.19,8.69,10.91
"Jhansi, UP",30.0,,,,,,,,,,,,32.69,14.91,12.91,14.12,14.97,13.1,13.9,14.54,9.99,6.29,5.66,2.63,0.0,0.0
"Jhargram, WB",3.0,,,,,,,,,,,,,,,,,,,,,,,,,
"Jharsuguda, OR",2.0,,,,,,,,,,,,,,,,,,,,,,,,,
"Jhunjhunu, RJ",60.0,,,,,20.0,0.0,0.0,0.0,0.0,0.0,0.0,0.0,0.0,0.0,0.0,0.0,0.0,0.0,10.0,43.33,45.83,48.06,52.06,45.39,14.91
"Jind, HR",21.0,,,,,,,,,,,,,,,46.67,26.67,16.67,6.67,3.33,6.19,6.19,6.19,6.19,2.86,0.0
"Jiribam, MN",0.0,,,,,,,,,,,,,,,,,,,,,,,,,
"Jodhpur, RJ",1110.0,,,,40.14,37.22,45.72,29.38,31.17,27.19,30.04,16.54,15.5,12.0,10.62,5.85,4.35,2.68,2.38,2.31,3.06,3.6,3.36,3.74,4.42,4.28
"Jogulamba Gadwal, TG",45.0,,,,17.52,11.52,6.91,3.16,0.0,0.0,0.0,0.0,0.0,0.0,0.0,0.0,0.0,0.0,0.0,0.0,0.0,0.0,0.0,0.0,0.0,0.0
"Jorhat, AS",7.0,,,,,,,,,,,,,,,,,,,,,,,,,
"Junagadh, GJ",12.0,,,,,,,,,,,,,,,,,,,,,,,30.0,30.0,40.0
"Kabeerdham, CT",8.0,,,,,,,,,,,,,,,,,,,,,,,,,
"Kachchh, GJ",52.0,,,,,,,,,,,,,,,,,,,,,,25.97,7.22,9.08,28.54
"Kaimur Bhabhua, BR",44.0,,,,,,,,,,,,,,,16.67,6.67,0.0,0.0,0.0,5.0,9.0,12.33,18.05,22.49,21.13
"Kaithal, HR",5.0,,,,,,,,,,,,,,,,,,,,,,,,,
"Kakching, MN",0.0,,,,,,,,,,,,,,,,,,,,,,,,,
"Kalaburagi, KA",128.0,,,,45.67,52.33,43.76,39.76,35.94,33.05,8.49,8.01,6.25,7.69,6.58,4.47,3.52,3.38,1.51,7.22,8.34,9.91,13.05,16.39,14.4,17.01
"Kalahandi, OR",2.0,,,,,,,,,,,,,,,,,,,,,,,,,
"Kalimpong, WB",7.0,,,,,,,,,,,,,,,,,,,,,,,,,
"Kallakurichi, TN",111.0,,,,,,,,20.0,0.0,10.0,16.67,21.67,25.67,29.0,21.86,16.02,11.82,8.59,6.0,3.86,3.71,14.25,20.71,21.53,24.01
"Kamareddy, TG",12.0,,,,,,,,,,,,,,,,,,,,,,,,,
"Kamjong, MN",0.0,,,,,,,,,,,,,,,,,,,,,,,,,
"Kamle, AR",0.0,,,,,,,,,,,,,,,,,,,,,,,,,
"Kamrup, AS",9.0,,,,,,,,,,,,,,,,,,,,,,,45.67,29.0,21.86
"Kamrup Metropolitan, AS",66.0,,,,,,,,,,,,,,,,,,,45.67,52.33,46.62,42.31,42.57,44.4,20.32
"Kancheepuram, TN",206.0,,,,90.0,76.67,11.67,14.33,29.63,29.63,22.96,17.96,45.29,30.53,32.61,36.61,38.18,9.63,13.17,11.65,8.75,8.48,7.51,4.04,5.44,4.87
"Kandhamal, OR",2.0,,,,,,,,,,,,,,,,,,,,,,,,,
"Kangpokpi, MN",0.0,,,,,,,,,,,,,,,,,,,,,,,,,
"Kangra, HP",21.0,,,,,,,,,,,,,,,,,,57.67,39.89,33.89,28.89,25.43,10.86,9.97,5.97
"Kannauj, UP",25.0,,,,,,,,,,,,,,,,,,,,,49.37,32.53,18.59,9.5,7.0
"Kanniyakumari, TN",49.0,,,,,,,,,,,,,,,43.67,25.48,17.15,12.02,9.88,10.38,11.9,12.13,12.33,11.08,12.28
"Kannur, KL",129.0,,,,53.67,33.67,23.67,17.0,12.0,0.0,0.0,0.0,0.0,0.0,0.0,0.0,0.0,0.0,0.0,0.0,5.0,5.0,5.0,5.0,11.0,13.69
"Kanpur Dehat, UP",7.0,,,,,,,,,,,,,,,,,,,,,20.0,0.0,0.0,0.0,0.0
"Kanpur Nagar, UP",317.0,,,,63.2,26.95,18.2,13.58,8.12,10.13,8.71,7.51,7.4,8.07,5.87,6.0,6.12,4.73,3.79,2.67,1.8,1.71,2.58,2.36,2.35,2.09
"Kapurthala, PB",33.0,,,,,,,,,43.0,24.25,15.43,9.87,5.92,5.59,5.29,5.03,6.52,7.78,7.47,7.18,6.92,4.93,4.44,5.42,4.76
"Karaikal, PY",2.0,,,,,,,,,,,,,,,,,,,,,,,,,
"Karauli, RJ",10.0,,,,,,,,,,,,,,,,,,20.0,0.0,0.0,10.0,16.67,21.67,21.67,21.67
"Karbi Anglong, AS",0.0,,,,,,,,,,,,,,,,,,,,,,,,,
"Kargil, LA",9.0,,,,,,,30.0,10.0,6.67,6.67,6.67,6.67,6.67,0.0,0.0,0.0,0.0,0.0,0.0,0.0,0.0,0.0,0.0,0.0,0.0
"Karimganj, AS",4.0,,,,,,,,,,,,,,,,,,,,,,,,,
"Karimnagar, TG",19.0,,,,,,,,,,,,,,,,,,,,,,,,,
"Karnal, HR",20.0,,,,,,,,,,,,,,,,,14.91,12.91,18.67,22.06,21.47,20.98,20.58,12.23,6.7
"Karur, TN",79.0,,,,,,,,,,,,,,,,40.0,25.0,9.0,15.67,20.67,22.67,19.48,17.15,12.02,15.59
"Kasaragod, KL",197.0,,,,,,,,,,10.0,0.0,0.0,0.0,0.0,0.0,0.0,0.0,6.67,11.67,15.67,19.0,24.71,22.49,21.13,17.13
"Kasganj, UP",13.0,,,,,,,,,,,,,,,,,,,,32.33,12.33,7.33,3.33,0.0,5.71
"Kathua, JK",36.0,,,,,,,,,,,,,,,,,,,,,104.86,56.62,22.36,16.52,16.52
"Katihar, BR",34.0,,,,,,,,,,,,,,,31.44,12.62,9.73,7.45,5.59,5.29,5.03,4.78,7.9,10.35,17.04
"Katni, MP",0.0,,,,,,,,,,,,,,,,,,,,,,,,,
"Kaushambi, UP",29.0,,,,,,,,,,,,,,,,,,,,,,,,,45.67
"Kendrapara, OR",38.0,,,,,,,,,,,,,,,,,,31.44,12.62,9.73,7.45,8.59,8.17,9.4,14.0
"Kendujhar, OR",8.0,,,,,,,,,,,,,,,,,,,,,,,,,36.67
"Khagaria, BR",55.0,,,,,,,,,,,,,,,,,,,,,164.09,65.2,12.39,10.18,5.38
"Khammam, TG",8.0,,,,,,,,,,,,,,,,,,,,,,,,,
"Khandwa, MP",186.0,,,,,20.0,0.0,0.0,0.0,0.0,0.0,0.0,10.0,16.67,21.67,37.67,39.89,31.89,61.59,57.23,41.86,39.63,37.63,1.27,0.62,12.73
"Khargone, MP",114.0,,,,,38.69,23.13,16.77,14.67,13.26,12.11,8.93,7.68,8.58,9.05,9.45,9.8,8.91,7.2,5.68,4.2,2.85,3.3,3.48,3.64,3.94
"Khawzawl, MZ",0.0,,,,,,,,,,,,,,,,,,,,,,,,,
"Kheda, GJ",51.0,,,,,,,,,,,,,,50.79,32.69,20.23,19.06,14.41,5.18,5.49,6.62,9.43,11.7,11.38,10.9
"Kheri, UP",35.0,,,,,,,,,,,,,,,,,,,,,,,51.67,33.0,24.25
"Khordha, OR",64.0,,,,,,,,,,,,,,,,,,,,,,,,,
"Khowai, TR",1.0,,,,,,,,,,,,,,,,,,,,,,,,,
"Khunti, JH",0.0,,,,,,,,,,,,,,,,,,,,,,,,,
"Kinnaur, HP",0.0,,,,,,,,,,,,,,,,,,,,,,,,,
"Kiphire, NL",0.0,,,,,,,,,,,,,,,,,,,,,,,,,
"Kishanganj, BR",14.0,,,,,,,,,,,,,,,,,,,,,,,,,
"Kishtwar, JK",2.0,,,,,,,,,,,,,,,,,,,,,,,,,
"Kodagu, KA",2.0,,,,,,,,,,,,,,,,,,,,,,,,,
"Kodarma, JH",9.0,,,,,,,,,,,,,,,,,,,,,,,,,0.0
"Kohima, NL",0.0,,,,,,,,,,,,,,,,,,,,,,,,,
"Kokrajhar, AS",2.0,,,,,,,,,,,,,,,,,,,,,,,,,
"Kolar, KA",9.0,,,,,,,,,,,,,,,,,,,,,,,,,
"Kolasib, MZ",0.0,,,,,,,,,,,,,,,,,,,,,,,,,
"Kolhapur, MH",52.0,,,,,,,45.67,29.0,19.0,12.33,7.33,3.33,0.0,0.0,0.0,0.0,0.0,0.0,0.0,8.57,10.57,12.39,27.39,42.63,34.06
"Kolkata, WB",1433.0,,,,45.67,29.0,21.86,17.69,14.91,12.91,11.4,10.13,9.57,8.3,8.26,8.3,7.67,7.07,7.03,6.96,5.74,5.62,5.51,5.42,4.57,4.94
"Kollam, KL",28.0,,,,,30.91,16.91,13.58,10.72,8.22,6.0,0.0,0.0,0.0,0.0,0.0,0.0,0.0,0.0,0.0,0.0,0.0,4.62,8.37,14.68,14.68
"Kondagaon, CT",0.0,,,,,,,,,,,,,,,,,,,,,,,,,
"Koppal, KA",3.0,,,,,,,,,,,,,,,,,,,,,,,,,
"Koraput, OR",1.0,,,,,,,,,,,,,,,,,,,,,,,,,
"Korba, CT",28.0,,,,,,,,,,,,,,,,,,,,,,,,,
"Koriya, CT",1.0,,,,,,,,,,,,,,,,,,,,,,,,,
"Kota, RJ",331.0,,,,76.07,21.87,19.82,16.36,13.85,4.87,4.7,5.25,5.06,5.79,6.82,6.34,7.06,6.76,6.0,5.15,5.11,8.2,7.1,6.92,6.49,6.82
"Kottayam, KL",25.0,,,,57.58,37.58,27.58,10.91,0.0,0.0,0.0,0.0,0.0,0.0,0.0,0.0,0.0,0.0,0.0,1.18,1.18,1.18,1.18,1.18,0.0,0.0
"Kozhikode, KL",36.0,,,,0.0,0.0,0.0,0.0,0.0,0.0,0.0,0.0,0.0,0.0,0.0,0.0,0.0,0.0,0.0,0.0,10.0,23.33,35.33,40.33,44.33,34.33
"Kra Daadi, AR",0.0,,,,,,,,,,,,,,,,,,,,,,,,,
"Krishna, AP",382.0,,,,204.99,66.89,36.97,12.83,5.82,4.7,4.2,3.74,4.95,6.25,5.82,5.83,5.04,3.82,2.59,2.29,1.04,1.66,1.94,1.77,1.68,1.52
"Krishnagiri, TN",20.0,,,,,,,,,,,,,,,,,,31.33,21.33,8.0,0.0,0.0,0.0,0.0,0.0
"Kulgam, JK",166.0,,,,,,,,,,,0.0,0.0,20.0,30.0,31.67,47.05,56.62,52.5,43.48,42.44,27.66,18.69,10.8,12.27,12.92
"Kullu, HP",0.0,,,,,,,,,,,,,,,,,,,,,,,,,
"Kumuram Bheem Asifabad, TG",7.0,,,,,36.67,16.67,6.67,6.67,0.0,0.0,0.0,0.0,0.0,0.0,0.0,0.0,0.0,0.0,0.0,0.0,0.0,0.0,0.0,0.0,0.0
"Kupwara, JK",101.0,,,,28.54,11.87,12.23,12.51,14.95,16.77,14.98,13.55,12.38,9.19,6.73,6.3,5.92,6.59,7.16,6.82,6.5,6.22,8.67,8.06,8.37,7.57
"Kurnool, AP",615.0,,,,35.77,20.05,21.37,22.99,21.97,15.56,15.76,11.35,9.7,7.72,5.56,4.01,3.02,2.43,2.49,2.44,3.69,4.42,4.33,3.98,3.78,2.18
"Kurukshetra, HR",3.0,,,,,,,,,,,,,,,,,,,,,,,,,
"Kurung Kumey, AR",0.0,,,,,,,,,,,,,,,,,,,,,,,,,
"Kushinagar, UP",7.0,,,,,,,,,,,,,,,,,,,,,,,,,
"Lahaul and Spiti, HP",0.0,,,,,,,,,,,,,,,,,,,,,,,,,
"Lahul and Spiti, HP",0.0,,,,,,,,,,,,,,,,,,,,,,,,,
"Lakhimpur, AS",1.0,,,,,,,,,,,,,,,,,,,,,,,,,
"Lakhisarai, BR",14.0,,,,,,,,,,,,,,,,,,,,,,,,,6.19
"Lakshadweep, LD",0.0,,,,,,,,,,,,,,,,,,,,,,,,,
"Lalitpur, UP",1.0,,,,,,,,,,,,,,,,,,,,,,,,,
"Latehar, JH",4.0,,,,,,,,,,,,,,,,,,,,,,,,,
"Latur, MH",50.0,,,,,,,30.0,10.0,0.0,0.0,0.0,6.67,11.67,11.67,11.67,11.67,25.0,22.0,23.82,23.82,23.82,3.82,18.48,22.12,22.12
"Lawngtlai, MZ",0.0,,,,,,,,,,,,,,,,,,,,,,,,,
"Leh, LA",34.0,,,,,,,45.67,29.0,21.86,15.19,10.19,6.19,2.86,0.0,0.0,0.0,0.0,0.0,0.0,0.0,0.0,0.0,0.0,0.0,0.0
"Lepa Rada, AR",0.0,,,,,,,,,,,,,,,,,,,,,,,,,
"Lohardaga, JH",2.0,,,,,,,,,,,,,,,,,,,,,,,,,
"Lohit, AR",1.0,,,,,,,,,,,,,,,,,,,,,,,,,
"Longding, AR",0.0,,,,,,,,,,,,,,,,,,,,,,,,,
"Longleng, NL",0.0,,,,,,,,,,,,,,,,,,,,,,,,,
"Lower Dibang Valley, AR",0.0,,,,,,,,,,,,,,,,,,,,,,,,,
"Lower Siang, AR",0.0,,,,,,,,,,,,,,,,,,,,,,,,,
"Lower Subansiri, AR",0.0,,,,,,,,,,,,,,,,,,,,,,,,,
"Lucknow, UP",306.0,,,,41.41,25.41,18.74,22.79,24.16,19.31,16.98,15.18,10.9,7.79,9.09,8.24,7.22,6.29,5.46,5.94,6.56,7.0,8.49,9.32,6.01,4.89
"Ludhiana, PB",169.0,,,,36.67,16.67,176.67,176.84,185.08,188.97,189.2,19.43,12.81,4.8,0.91,0.68,0.45,0.22,3.56,4.5,5.04,5.21,5.39,2.7,2.74,5.2
"Lunglei, MZ",0.0,,,,,,,,,,,,,,,,,,,,,,,,,
"Madhepura, BR",20.0,,,,,,,,,,,,,,,,,,,,,,41.67,21.67,11.67,13.0
"Madhubani, BR",73.0,,,,,,,,,,,,,41.67,21.67,11.67,5.0,0.0,8.0,9.43,12.1,14.45,35.5,35.71,35.73,33.07
"Madurai, TN",163.0,,,,87.22,47.89,35.2,7.08,4.45,4.87,4.73,4.6,12.72,12.82,12.35,12.45,12.54,3.72,3.61,3.5,5.25,6.99,6.66,8.73,8.73,6.36
"Mahabubabad, TG",1.0,,,,,,,,,,,,,,,,,,,,,,,,,
"Mahabubnagar, TG",11.0,,,,,,,,,,,,,,,,,,,,,,,,,
"Mahasamund, CT",0.0,,,,,,,,,,,,,,,,,,,,,,,,,
"Mahe, PY",2.0,,,,,,,,,,,,,,,,,,,,,,,,,
"Mahendragarh, HR",10.0,,,,,,,,,,,,,,,,,,,,,20.0,0.0,0.0,10.0,23.33
"Mahesana, GJ",80.0,,,,,,,,,,,,,85.39,86.87,21.58,7.49,6.96,9.36,11.69,12.71,14.99,16.81,14.13,11.55,10.31
"Mahisagar, GJ",53.0,,,,,,,,,,,45.83,26.98,20.22,11.9,10.17,8.78,8.77,6.6,4.15,5.74,6.36,6.06,5.79,6.22,4.96
"Mahoba, UP",3.0,,,,,,,,,,,,,,,,,,,,,,,,,
"Mahrajganj, UP",23.0,,,,,,,,,,,,,,,,,,,,,,,,75.67,37.33
"Mainpuri, UP",24.0,,,,,,,,,,,,,,,,,59.0,19.0,12.33,7.33,3.33,14.29,14.29,14.29,14.29
"Majuli, AS",0.0,,,,,,,,,,,,,,,,,,,,,,,,,
"Malappuram, KL",51.0,,,,,,,,,,,,,,,,,,,,,,98.45,42.9,28.81,17.13
"Maldah, WB",45.0,,,,,,,,,,,,,,,,,,,42.53,23.48,16.89,12.3,7.06,8.92,14.84
"Malkangiri, OR",0.0,,,,,,,,,,,,,,,,,,,,,,,,,
"Mamit, MZ",0.0,,,,,,,,,,,,,,,,,,,,,,,,,
"Mancherial, TG",1.0,,,,,,,,,,,,,,,,,,,,,,,,,
"Mandi, HP",2.0,,,,,,,,,,,,,,,,,,,,,,,,,
"Mandla, MP",1.0,,,,,,,,,,,,,,,,,,,,,,,,,
"Mandsaur, MP",60.0,,,,,,,,56.33,37.1,27.84,21.89,17.58,10.91,10.14,9.4,8.69,8.0,0.0,0.95,1.41,2.74,3.99,3.99,3.04,2.58
"Mandya, KA",160.0,,,,,36.67,16.67,6.67,0.0,0.0,0.0,0.0,0.0,0.0,0.0,0.0,0.0,0.0,5.0,9.0,12.33,49.48,50.48,66.43,70.34,90.67
"Mansa, PB",32.0,,,,,,,,,,,,,,,41.67,21.67,11.67,5.0,0.0,0.0,0.0,0.0,0.0,0.0,0.0
"Mathura, UP",51.0,,,,45.67,29.0,21.86,17.69,14.91,20.91,22.91,21.11,22.61,22.05,18.98,16.5,16.45,13.4,11.73,4.81,1.95,0.95,0.0,0.0,0.0,0.45
"Mau, UP",4.0,,,,,,,,,,,,,,,,,,,,,,,,,
"Mayurbhanj, OR",11.0,,,,,,,,,,,,,,,,,,,,,20.0,0.0,0.0,0.0,0.0
"Medak, TG",5.0,,,,,,,,,,,,,,,,,,,,,,,,,
"Medchal Malkajgiri, TG",25.0,,,,,36.67,16.67,6.67,0.0,0.0,0.0,0.0,0.0,0.0,0.0,0.0,0.0,0.0,0.0,0.0,0.0,0.0,0.0,0.0,0.0,0.0
"Medinipur East, WB",51.0,,,,,,,,,,,,,,,,63.33,43.33,33.33,2.5,6.94,10.58,10.58,10.58,8.08,3.64
"Medinipur West, WB",20.0,,,,,,,,,,,,,,,,,,,,,,0.0,0.0,0.0,0.0
"Meerut, UP",331.0,,,,39.32,36.65,24.98,19.27,19.93,17.48,28.63,33.58,33.4,28.89,30.59,19.61,14.5,13.43,12.66,11.09,8.16,5.87,6.78,6.06,5.39,4.15
"Mirpur, JK",0.0,,,,,,,,,,,,,,,,,,,,,,,,,
"Mirzapur, UP",24.0,,,,,,,,,,,,,,,,,,,,20.0,0.0,0.0,10.0,16.67,21.67
"Moga, PB",59.0,,,,,,,,,,,,440.0,0.0,0.0,0.0,0.0,1.74,1.74,1.74,1.74,1.74,0.0,0.0,0.0,0.0
"Mokokchung, NL",0.0,,,,,,,,,,,,,,,,,,,,,,,,,
"Mon, NL",0.0,,,,,,,,,,,,,,,,,,,,,,,,,
"Moradabad, UP",169.0,,,,59.84,16.51,17.37,18.05,18.61,12.25,9.54,7.29,5.37,3.72,4.06,6.51,6.35,6.19,6.05,7.3,10.04,10.44,10.82,12.21,9.53,3.95
"Morbi, GJ",2.0,,,,,,,,,,,,,,,,,,,,,,,,,
"Morena, MP",38.0,,,,,,,,,,,,,38.69,18.69,8.69,5.36,2.5,0.0,0.0,0.0,0.0,0.0,6.67,15.0,19.71
"Morigaon, AS",6.0,,,,,,,,,,,,,,,,,,,,,,,,,
"Mulugu, TG",2.0,,,,,,,,,,,,,,,,,,,,,,,,,
"Mumbai, MH",21335.0,,,,76.36,35.29,15.78,12.7,11.64,11.85,9.03,7.19,9.07,10.26,10.36,11.36,12.62,11.18,9.61,8.82,8.61,7.94,7.51,8.99,8.93,7.04
"Mumbai Suburban, MH",0.0,,,,,,,,,,,,,,,,,,,,,,,,,
"Mungeli, CT",0.0,,,,,,,,,,,,,,,,,,,,,,,,,
"Munger, BR",133.0,,,,,26.43,31.24,31.91,22.19,23.48,14.03,7.98,6.21,4.68,3.34,3.23,3.62,4.35,5.01,5.61,6.16,6.17,5.81,6.54,7.16,6.0
"Murshidabad, WB",12.0,,,,,,,,,,,,,,,,,,,,,,,,,
"Muzaffarabad, JK",0.0,,,,,,,,,,,,,,,,,,,,,,,,,
"Muzaffarnagar, UP",30.0,,,,33.33,13.33,3.33,2.86,5.36,7.58,7.58,7.58,4.72,2.22,0.0,0.0,0.0,0.0,0.0,0.0,0.0,0.0,0.0,0.0,2.0,3.82
"Muzaffarpur, BR",30.0,,,,,,,,,,,,,,,,,,,,,,45.67,31.22,25.57,18.9
"Mysuru, KA",89.0,,,,,,,,,,,,,,,,,,,,,,,,,
"Nabarangapur, OR",0.0,,,,,,,,,,,,,,,,,,,,,,,,,
"Nadia, WB",16.0,,,,,,,,,,,,,,,,,,,,,,,,,20.0
"Nagaon, AS",3.0,,,,,,,,,,,,,,,,,,,,,,,,,
"Nagapattinam, TN",51.0,,,,,,,,,,,,,,,,,,,,,,,,,45.67
"Nagarkurnool, TG",2.0,,,,,,,,,,,,,,,,,,,,,,,,,
"Nagaur, RJ",196.0,,,,23.42,13.82,8.76,5.24,5.29,6.16,6.96,6.22,5.56,4.97,4.44,3.96,3.81,5.03,5.48,5.11,7.61,7.24,5.68,6.17,6.07,5.98
"Nagpur, MH",375.0,,,,38.32,19.18,9.39,10.5,11.29,9.74,11.76,14.06,9.88,8.89,8.6,6.82,6.64,7.16,5.29,8.29,8.06,5.9,6.34,5.94,3.36,2.5
"Nainital, UT",23.0,,,,,,,,,,,,,,,,,,,,,,,,50.67,50.67
"Nalanda, BR",72.0,,,,40.19,10.19,6.19,2.86,0.0,0.0,0.0,0.0,0.0,0.0,0.0,5.0,27.0,27.95,29.77,31.44,28.74,8.12,8.46,7.25,9.11,6.81
"Nalbari, AS",6.0,,,,,,,,,,,,,,,,,,,,,,,,,
"Nalgonda, TG",17.0,,,,,,,,,,,,,,,,,,,,,,,,,
"Namakkal, TN",77.0,,,,,41.67,21.67,11.67,5.0,0.0,0.0,0.0,0.0,0.0,0.0,0.0,0.0,0.0,0.0,0.0,0.0,0.0,0.0,0.0,0.0,0.0
"Namsai, AR",0.0,,,,,,,,,,,,,,,,,,,,,,,,,
"Nanded, MH",78.0,,,,,,,,,,,,,,27.57,26.9,23.61,19.93,16.75,9.87,5.72,5.69,6.94,7.89,7.15,5.3
"Nandurbar, MH",25.0,,,,30.0,10.0,0.0,0.0,0.0,2.22,4.22,6.04,6.04,6.04,3.82,1.82,0.0,0.0,0.0,0.0,0.0,0.0,0.0,0.0,3.33,3.33
"Narayanpet, TG",1.0,,,,,,,,,,,,,,,,,,,,,,,,,
"Narayanpur, CT",0.0,,,,,,,,,,,,,,,,,,,,,,,,,
"Narmada, GJ",13.0,,,,,,,,,,,,,,,,,,,,,,,,,
"Narsimhapur, MP",0.0,,,,,,,,,,,,,,,,,,,,,,,,,
"Narsinghpur, MP",0.0,,,,,,,,,,,,,,,,,,,,,,,,,
"Nashik, MH",857.0,,,,46.19,20.11,14.59,14.63,14.66,17.32,15.17,13.52,18.82,23.84,20.87,21.81,24.19,18.0,12.66,11.22,10.88,7.54,5.97,4.4,4.18,1.82
"Navsari, GJ",8.0,,,,,,,0.0,0.0,0.0,0.0,0.0,0.0,0.0,0.0,0.0,0.0,0.0,0.0,0.0,0.0,0.0,0.0,0.0,0.0,0.0
"Nawada, BR",41.0,,,,,,,,,,,,,,,,,,,,60.19,42.69,22.69,19.43,16.81,17.4
"Nayagarh, OR",10.0,,,,,,,,,,,,,,,,,,,,,,,,,
"Neemuch, MP",50.0,,,,,,,,,,,,,,,,,,,,64.22,58.22,15.82,9.46,6.7,2.45
"Nicobars, AN",0.0,,,,,,,,,,,,,,,,,,,,,,,,,
"Nilgiris, TN",14.0,,,,,,,,,,,,,,,,,,,,,,,,,
"Nirmal, TG",20.0,,,,,,,,,,,,,,,,,,,,,,,,,
"Niwari, MP",0.0,,,,,,,,,,,,,,,,,,,,,,,,,
"Nizamabad, TG",61.0,,,,,,,,,,,,,,,,,,,,,,,,,
"Noney, MN",0.0,,,,,,,,,,,,,,,,,,,,,,,,,
"North  District, SK",0.0,,,,,,,,,,,,,,,,,,,,,,,,,
"North 24 Parganas, WB",396.0,,,,45.67,29.0,21.86,17.69,14.91,12.91,11.4,9.9,9.53,9.62,9.0,8.36,7.81,7.83,6.84,6.54,6.61,6.09,5.04,5.03,5.63,5.27
"North District, SK",0.0,,,,,,,,,,,,,,,,,,,,,,,,,
"North Garo Hills, ML",0.0,,,,,,,,,,,,,,,,,,,,,,,,,
"North Goa, GA",6.0,,,,,,,,,,,,,,,,,,,,,,,,,
"North Tripura, TR",4.0,,,,,,,,,,,,,,,,,,,,,,,,,
"North and Middle Andaman, AN",1.0,,,,,,,,,,,,,,,,,,,,,,,,,
"Nuapada, OR",0.0,,,,,,,,,,,,,,,,,,,,,,,,,
"Nuh, HR",65.0,,,,,,,,,,,,,,,,,,,,,,,,,
"Osmanabad, MH",11.0,,,,,,,,,,,,,,,,,,,,,,,,45.67,25.67
"Other Region, MP",0.0,,,,,,,,,,,,,,,,,,,,,,,,,
"Pakke Kessang, AR",0.0,,,,,,,,,,,,,,,,,,,,,,,,,
"Pakur, JH",0.0,,,,,,,,,,,,,,,,,,,,,,,,,
"Palakkad, KL",26.0,,,,,,,,,,,,,,,,,,,,,,,46.86,28.52,15.06
"Palamu, JH",15.0,,,,,,,,,,,,,,,,,,,45.67,29.0,19.0,12.33,7.33,3.33,0.0
"Palghar, MH",437.0,,,,43.09,26.8,18.05,16.56,11.79,11.45,8.62,8.2,7.82,15.17,12.86,13.96,16.5,20.12,14.02,15.65,14.99,14.55,12.77,13.0,10.79,9.47
"Pali, RJ",209.0,,,,,,,,,37.16,21.77,21.08,20.6,20.55,15.87,12.49,9.2,7.18,4.37,8.8,8.39,9.99,8.99,10.78,5.55,14.47
"Palwal, HR",40.0,,,,,,,,,,,,,,,,,,,,,,,,,
"Panch Mahals, GJ",71.0,,,,,42.57,41.0,31.23,31.23,31.23,31.23,26.39,22.12,20.05,10.29,8.97,7.18,7.67,6.98,6.41,6.17,6.59,6.14,5.17,3.74,3.07
"Panchkula, HR",25.0,,,,,,,,,,,,,,,,,,,,,38.69,18.69,8.69,5.36,2.5
"Panipat, HR",40.0,,,,,,87.33,7.33,3.33,0.0,8.57,10.57,19.66,20.91,22.09,14.63,12.63,3.54,2.29,1.11,0.0,0.0,0.0,0.0,1.05,2.05
"Panna, MP",2.0,,,,,,,,,,,,,,,,,,,,,,,,,
"Papum Pare, AR",0.0,,,,,,,,,,,,,,,,,,,,,,,,,
"Parbhani, MH",7.0,,,,,,,,,,,,20.0,0.0,0.0,0.0,0.0,0.0,0.0,0.0,0.0,0.0,0.0,0.0,0.0,0.0
"Paschim Bardhaman, WB",19.0,,,,,,,,,,,,,,,,45.67,29.0,19.0,12.33,7.33,3.33,0.0,0.0,0.0,2.86
"Pashchimi Singhbhum, JH",0.0,,,,,,,,,,,,,,,,,,,,,,,,,
"Patan, GJ",53.0,,,,,,,0.0,60.0,65.0,69.0,72.33,72.33,12.33,7.33,3.33,0.0,2.86,5.36,9.8,15.26,16.68,17.83,19.77,21.69,19.0
"Pathanamthitta, KL",22.0,,,,,,,,,,,,,,,,,,,,,,,,20.0,10.0
"Pathankot, PB",29.0,,,,,,,,,,,,,,,,,,,,,,,,,
"Patiala, PB",103.0,,,,36.04,17.71,8.48,6.99,19.99,19.4,18.89,19.21,19.16,6.16,6.75,7.27,6.43,5.99,4.24,3.91,3.62,3.58,3.54,3.5,2.23,1.05
"Patna, BR",167.0,,,,39.66,38.56,25.38,16.36,10.34,5.87,2.34,1.89,1.85,1.82,3.17,5.34,7.23,9.65,10.86,13.26,12.09,11.11,9.23,15.87,11.96,10.79
"Pauri Garhwal, UT",4.0,,,,,,,,,,,,,,,,,,,,,,,,,
"Peddapalli, TG",2.0,,,,,,,,,,,,,,,,,,,,,,,,,
"Perambalur, TN",139.0,,,,,,,,,,,,45.83,80.83,71.72,65.91,67.08,60.76,14.91,14.25,14.32,10.65,10.3,1.15,0.92,0.0
"Peren, NL",0.0,,,,,,,,,,,,,,,,,,,,,,,,,
"Phek, NL",0.0,,,,,,,,,,,,,,,,,,,,,,,,,
"Pherzawl, MN",0.0,,,,,,,,,,,,,,,,,,,,,,,,,
"Pilibhit, UP",24.0,,,,,,,,,,,,,,,,,,,,,,,,,43.61
"Pithoragarh, UT",0.0,,,,,,,,,,,,,,,,,,,,,,,,,
"Porbandar, GJ",5.0,,,,,,,,,,,,,,,,,,,,,,,,,
"Prakasam, AP",66.0,,,,47.94,19.75,13.42,9.25,8.45,6.45,4.63,2.97,1.43,0.0,0.0,0.0,0.0,0.0,0.0,0.0,0.0,0.0,0.0,0.0,0.0,0.0
"Pratapgarh, RJ",0.0,,,,,,,,,,,,,,,,,,,,,,,,,
"Pratapgarh, UP",0.0,,,,,,,,,,,,,,,,,,,,,,,,,
"Pratapgarh(RJ), RJ",7.0,,,,,,,,,,,,,,,,,,,,,,,,,
"Pratapgarh(UP), UP",45.0,,,,,,,,,,,,,41.67,21.67,11.67,5.0,0.0,8.0,10.86,13.36,15.58,17.58,11.4,10.21,9.25
"Prayagraj, UP",46.0,,,,,,,,,,,,,30.43,30.76,24.87,21.06,18.36,14.28,11.71,12.63,14.41,14.01,13.31,11.29,8.97
"Puducherry, PY",18.0,,,,,,,,,,,,,,45.67,29.0,21.86,15.19,10.19,6.19,5.36,4.72,4.72,4.72,4.72,2.22
"Pudukkottai, TN",7.0,,,,,,,,,,,,,,,,,,21.67,11.67,5.0,0.0,0.0,0.0,0.0,0.0
"Pulwama, JK",18.0,,,,,,,,,,35.19,17.69,14.91,12.91,13.22,13.44,10.94,8.71,6.71,3.08,0.0,1.33,3.83,6.06,7.06,8.01
"Punch, JK",3.0,,,,,,,,,,,,,,,,,,,,,,,,,
"Pune, MH",4071.0,,,,46.85,23.96,13.69,15.32,12.65,9.95,11.41,11.26,8.73,6.92,6.33,5.03,10.88,11.74,12.63,14.12,14.72,8.4,8.41,8.05,7.47,6.01
"Purba Bardhaman, WB",16.0,,,,,,,,,,,,,,,,0.0,0.0,20.0,30.0,36.67,46.67,50.0,32.86,25.36,23.13
"Purbi Singhbhum, JH",0.0,,,,,,,,,,,,,,,,,,,,,,,,,
"Puri, OR",33.0,,,,,,,,,,,,,,,,,,,,,,60.0,63.33,69.49,74.19
"Purnia, BR",31.0,,,,,,,,,,,,,,,,,,,,,,,45.67,29.0,19.0
"Purulia, WB",0.0,,,,,,,,,,,,,,,,,,,,,,,,,
"Rae Bareli, UP",58.0,,,,,,,,,,,,,,,,,30.0,16.67,21.67,21.67,21.67,11.67,9.0,7.33,10.19
"Raichur, KA",7.0,,,,,,,,,,,,,,,,,,,,,,,,,
"Raigarh(CG), CT",0.0,,,,,,,,,,,,,,,,,,,,,,,,,
"Raigarh(CT), CT",2.0,,,,,,,,,,,,,,,,,,,,,,,,,
"Raigarh(MH), MH",472.0,,,,45.67,35.67,30.11,,,,,,,,,,,,,,,,,,,
"Railway Quarantine, TN",2.0,,,,,,,,,,,,,,,,,,,,,,,,,
"Raipur, CT",7.0,,,,,,,,,,,,,,,,,,,,,,,,,
"Raisen, MP",67.0,,,,,,,,61.63,14.93,13.78,7.65,8.73,9.62,8.74,7.93,6.04,3.86,1.96,1.55,1.15,0.76,0.38,0.0,0.0,0.0
"Rajanna Sircilla, TG",3.0,,,,,,,,,,,,,,,,,,,,,,,,,
"Rajgarh, MP",1.0,,,,,,,,,,,,,,,,,,,,,,,,,
"Rajkot, GJ",82.0,,,,77.67,61.95,51.95,45.29,40.29,4.29,0.0,1.18,2.29,3.34,4.34,5.29,4.12,3.01,1.95,0.95,0.0,0.0,0.91,1.78,2.61,4.21
"Rajnandgaon, CT",1.0,,,,,,,,,,,,,,,,,,,,,,,,,
"Rajouri, JK",8.0,,,,,,,,,,,,,,,,,,,,,,,,,
"Rajsamand, RJ",53.0,,,,,,,,,,,,,45.67,45.67,39.0,33.76,34.1,31.15,16.15,16.01,16.65,11.95,11.5,12.38,9.18
"Ramanagara, KA",0.0,,,,,,,,,,,,,,,,,,,,,,,,,
"Ramanathapuram, TN",39.0,,,,,30.0,10.0,6.67,11.67,15.67,19.0,20.43,15.1,11.35,8.52,7.41,6.98,9.46,9.01,8.6,7.12,6.12,2.31,1.51,0.74,1.43
"Ramban, JK",24.0,,,,,,,,,,,,,,,,,,,,,,,,,
"Ramgarh, JH",3.0,,,,,,,,,,,,,,,,,,,,,,,,,
"Rampur, UP",84.0,,,,,,,30.0,16.67,16.67,16.67,16.67,6.67,0.0,5.0,5.0,5.0,5.0,5.0,0.0,0.0,0.0,76.0,82.67,86.42,86.94
"Ranchi, JH",105.0,,,,,286.07,267.27,18.03,3.21,2.36,1.95,0.75,0.73,0.73,0.73,0.73,0.73,0.0,0.35,0.7,2.73,3.04,3.34,3.29,3.24,1.49
"Ranga Reddy, TG",44.0,,,,,36.67,16.67,6.67,5.0,5.0,5.0,5.0,5.0,0.0,0.0,0.0,0.0,0.0,0.0,0.0,0.0,4.0,7.33,10.19,10.19,10.19
"Ranipet, TN",84.0,,,,,,,,,,,,36.67,16.67,11.67,9.0,29.0,30.67,44.51,39.51,35.51,15.51,16.57,3.53,4.3,5.04
"Ratlam, MP",28.0,,,,,,,,,,,,0.0,20.0,30.0,30.0,30.0,30.0,10.0,13.33,13.33,13.33,13.33,13.33,0.0,0.0
"Ratnagiri, MH",101.0,,,,,,,,,,,,,,30.0,36.67,126.67,132.12,121.41,113.85,117.18,28.05,23.98,15.74,14.78,4.78
"Rayagada, OR",0.0,,,,,,,,,,,,,,,,,,,,,,,,,
"Reasi, JK",3.0,,,,,,,,,,,,,,,,,,,,,,,,,
"Rewa, MP",14.0,,,,,,,,,,,,,,,,,,,,,,,47.15,28.82,18.82
"Rewari, HR",9.0,,,,,,,,,,,,,,,,,,,,,,,,36.67,16.67
"Ribhoi, ML",0.0,,,,,,,,,,,,,,,,,,,,,,,,,
"Rohtak, HR",13.0,,,,,0.0,0.0,0.0,0.0,0.0,0.0,0.0,0.0,0.0,0.0,0.0,0.0,0.0,0.0,0.0,20.0,30.0,36.67,41.67,45.67,29.0
"Rohtas, BR",91.0,,,,,84.97,72.3,45.72,13.72,12.18,10.75,3.41,0.0,0.0,0.83,1.63,2.02,2.4,2.77,3.02,2.91,2.86,2.81,2.76,1.67,0.98
"Rudraprayag, UT",0.0,,,,,,,,,,,,,,,,,,,,,,,,,
"Rupnagar, PB",60.0,,,,,,,,,,,,100.0,80.0,0.0,0.0,70.0,70.44,70.88,71.3,71.72,2.13,2.09,1.65,1.22,0.81
"S.A.S. Nagar, PB",102.0,,,,,,,,,,41.05,9.2,4.11,3.23,3.13,3.04,2.95,2.32,1.72,1.13,0.56,0.0,0.0,0.0,0.0,0.0
"S.P.S. Nellore, AP",157.0,,,,,,44.54,28.02,20.99,16.63,13.8,11.81,10.33,9.19,9.37,7.67,6.22,4.59,6.05,6.46,6.84,9.96,11.68,8.62,8.83,7.65
"Sabar Kantha, GJ",46.0,,,,,,,,,,,,,,,,40.75,38.61,23.44,16.15,11.48,8.15,7.23,9.93,8.83,10.76
"Sagar, MP",23.0,,,,,,,,,,,,,,,,,,,,,36.62,17.8,13.91,12.01,10.58
"Saharanpur, UP",218.0,,,,42.49,23.78,10.19,6.08,5.98,7.82,9.31,8.58,8.35,7.43,4.66,2.33,2.28,2.48,2.67,2.86,3.03,2.67,2.73,2.08,1.44,0.82
"Saharsa, BR",22.0,,,,,,,,,,,,,,,,,,,,,,0.0,0.0,0.0,60.0
"Sahibganj, JH",0.0,,,,,,,,,,,,,,,,,,,,,,,,,
"Saiha, MZ",0.0,,,,,,,,,,,,,,,,,,,,,,,,,
"Saitual, MZ",0.0,,,,,,,,,,,,,,,,,,,,,,,,,
"Salem, TN",49.0,,,,,30.0,10.0,6.67,11.67,11.67,11.67,11.67,9.0,4.0,4.0,4.0,4.0,0.0,0.0,0.0,0.0,0.0,0.0,0.0,16.67,16.67
"Samastipur, BR",16.0,,,,,,,,,,,,,,,,,,,,41.67,21.67,11.67,5.0,0.0,0.0
"Samba, JK",14.0,,,,,,,,,,,,,,0.0,0.0,0.0,0.0,0.0,0.0,0.0,0.0,0.0,0.0,20.0,30.0
"Sambalpur, OR",3.0,,,,,,,,,,,,,,,,,,,,,,,,,
"Sambhal, UP",55.0,,,,,42.25,26.06,24.36,18.55,15.06,10.94,7.7,7.46,4.92,4.89,6.16,7.29,7.52,7.36,5.09,3.6,2.25,5.33,5.83,7.43,7.07
"Sangareddy, TG",9.0,,,,,,,,,,,,,,,,,,,,,,,,,
"Sangli, MH",53.0,,,,,,,,30.0,10.0,0.0,0.0,6.67,6.67,6.67,6.67,6.67,5.0,9.0,19.0,23.44,25.26,21.93,25.62,18.95,14.51
"Sangrur, PB",88.0,,,,,,,,,,,154.43,134.91,125.14,111.81,7.81,0.71,0.23,0.0,0.0,0.0,0.0,0.0,0.0,0.0,0.0
"Sant Kabir Nagar, UP",40.0,,,,,34.55,16.98,14.41,10.8,11.67,12.3,12.77,13.13,13.39,9.76,6.82,4.36,2.26,3.8,5.16,4.89,4.62,4.27,2.44,1.38,1.94
"Saraikela-Kharsawan, JH",1.0,,,,,,,,,,,,,,,,,,,,,,,,,
"Saraikela-kharsawan, JH",0.0,,,,,,,,,,,,,,,,,,,,,,,,,
"Saran, BR",14.0,,,,,,30.0,16.67,11.67,15.67,15.67,15.67,9.0,4.0,0.0,0.0,0.0,0.0,0.0,3.33,3.33,3.33,3.33,3.33,8.57,8.57
"Satara, MH",140.0,,,,55.92,30.3,5.59,5.29,5.03,4.78,6.23,7.45,13.17,14.76,15.22,13.97,19.99,13.87,11.91,11.11,10.63,3.13,3.77,3.9,4.03,3.26
"Satna, MP",9.0,,,,,,,,,,,,,,,,,,,,,50.67,30.67,20.67,7.33,3.33
"Sawai Madhopur, RJ",17.0,,,,,,,,,,,,,,,,,,,,,36.67,16.67,6.67,0.0,0.0
"Sehore, MP",5.0,,,,,,,,,,,,,,,,,,,,,,,36.67,16.67,6.67
"Senapati, MN",0.0,,,,,,,,,,,,,,,,,,,,,,,,,
"Seoni, MP",1.0,,,,,,,,,,,,,,,,,,,,,,,,,
"Serchhip, MZ",0.0,,,,,,,,,,,,,,,,,,,,,,,,,
"Shahdol, MP",3.0,,,,,,,,,,,,,,,,,,,,,,,,,
"Shahid Bhagat Singh Nagar, PB",105.0,,,,,,,,36.67,16.67,6.67,0.0,0.0,5.0,9.0,9.0,9.0,9.0,4.0,0.0,0.0,0.0,0.0,0.0,0.0,0.0
"Shahjahanpur, UP",7.0,,,,,,,,,,,,,,,,,,,,,,,,,
"Shajapur, MP",8.0,,,,,,,,,,,,,,,,,,,,,,,,,
"Shamli, UP",37.0,,,,,,,,,,,,,,,,,,,,,,,,20.0,0.0
"Sheikhpura, BR",24.0,,,,,,,,,,,,,,,,,,,,,42.95,26.7,18.28,13.07,12.77
"Sheohar, BR",5.0,,,,,,,,,,,,,,,,,,0.0,0.0,0.0,0.0,0.0,20.0,30.0,30.0
"Sheopur, MP",5.0,,,,,,,,,,,,,,,,,,,,,,,,,
"Shi Yomi, AR",0.0,,,,,,,,,,,,,,,,,,,,,,,,,
"Shimla, HP",1.0,,,,,,,,,,,,,,,,,,,,,,,,,
"Shivamogga, KA",26.0,,,,,,,,,,,,,,,,,,,,,,,,,
"Shivpuri, MP",3.0,,,,,,,,,,,,,,,,,,,,,,,,,
"Shrawasti, UP",22.0,,,,,,,0.0,0.0,20.0,30.0,36.67,41.67,45.67,29.0,21.86,17.69,12.69,8.69,5.36,2.5,0.0,0.0,0.0,0.0,0.0
"Shupiyan, JK",109.0,,,,34.62,28.25,27.79,17.92,12.03,12.03,12.03,12.28,9.04,6.32,7.18,7.61,6.33,6.15,6.28,4.9,3.82,3.7,2.93,2.23,2.21,1.83
"Siang, AR",0.0,,,,,,,,,,,,,,,,,,,,,,,,,
"Siddharthnagar, UP",49.0,,,,,,,,,,,,,,,28.58,9.91,8.16,6.73,8.52,9.0,9.4,8.95,10.85,7.85,5.95
"Siddipet, TG",1.0,,,,,,,,,,,,,,,,,,,,,,,,,
"Sidhi, MP",5.0,,,,,,,,,,,,,,,,,,,,,,,,,
"Sikar, RJ",52.0,,,,,,,,20.0,0.0,0.0,10.0,16.67,21.67,25.67,25.67,15.67,9.0,4.0,3.33,23.33,33.33,34.29,45.19,45.39,28.89
"Simdega, JH",3.0,,,,,,,,,,,,,,,,,,,,,,,,,
"Sindhudurg, MH",10.0,,,,,,,,,,,,,,,,,,36.67,16.67,6.67,0.0,0.0,0.0,0.0,0.0
"Singrauli, MP",1.0,,,,,,,,,,,,,,,,,,,,,,,,,
"Sipahijala, TR",0.0,,,,,,,,,,,,,,,,,,,,,,,,,
"Sirmaur, HP",4.0,,,,,,,,,,,,,,,,,,,,,,,,,
"Sirohi, RJ",65.0,,,,,,,,,,,,,,,,,,,,108.77,89.82,20.82,28.12,29.99,24.64
"Sirsa, HR",8.0,,,,,,,,,,,,,,,,,,,,,,,,,
"Sitamarhi, BR",9.0,,,,,,,,,,,0.0,0.0,0.0,0.0,0.0,0.0,0.0,0.0,0.0,0.0,0.0,0.0,0.0,5.0,5.0
"Sitapur, UP",34.0,,,,,,,,,,,,,,,,,,,,30.0,10.0,0.0,0.0,0.0,0.0
"Sivaganga, TN",26.0,,,,,,,,,,,,,,,,,,,,,,,,,
"Sivasagar, AS",1.0,,,,,,,,,,,,,,,,,,,,,,,,,
"Siwan, BR",45.0,,,,,,,,,,,,,,,20.0,0.0,0.0,0.0,40.0,43.33,46.19,51.19,51.19,11.19,7.86
"Solan, HP",9.0,,,,,,,,,,,,,,,,,,,,,,,,,
"Solapur, MH",429.0,,,,53.7,43.58,19.08,20.16,17.47,14.11,13.9,7.44,18.25,17.79,17.78,16.91,24.6,16.59,16.98,16.89,17.93,10.18,5.73,4.08,7.43,5.58
"Sonbhadra, UP",3.0,,,,,,,,,,,,,,,,,,,,,,,,,
"Sonipat, HR",139.0,,,,39.56,20.98,14.98,16.1,14.95,14.12,34.17,31.96,29.61,27.69,25.79,5.17,6.44,6.66,9.14,8.73,8.06,5.19,4.36,1.51,1.86,2.01
"Sonitpur, AS",1.0,,,,,,,,,,,,,,,,,,,,,,,,,
"South 24 Parganas, WB",102.0,,,,45.67,29.0,21.86,17.69,14.91,12.91,11.4,16.87,27.31,26.52,27.19,26.55,18.77,8.53,11.39,9.5,10.22,11.04,8.66,4.69,7.03,6.5
"South Andaman, AN",32.0,,,,44.09,9.09,0.0,0.0,0.0,0.0,0.0,0.0,0.0,0.0,0.0,0.0,0.0,0.0,0.0,0.0,0.0,0.0,0.0,0.0,0.0,0.0
"South District, SK",0.0,,,,,,,,,,,,,,,,,,,,,,,,,
"South Garo Hills, ML",0.0,,,,,,,,,,,,,,,,,,,,,,,,,
"South Goa, GA",18.0,,,,,,,,,,,,,,,,,,,,,,,,,
"South Salmara Mancachar, AS",1.0,,,,,,,,,,,,,,,,,,,,,,,,,
"South Tripura, TR",0.0,,,,,,,,,,,,,,,,,,,,,,,,,
"South West Garo Hills, ML",0.0,,,,,,,,,,,,,,,,,,,,,,,,,
"South West Khasi Hills, ML",0.0,,,,,,,,,,,,,,,,,,,,,,,,,
"Sri Muktsar Sahib, PB",65.0,,,,,,,,,,,,166.08,146.08,2.74,1.52,0.36,0.0,0.0,0.0,0.0,0.0,0.0,0.0,0.0,0.0
"Srikakulam, AP",14.0,,,,,,,,,20.0,0.0,0.0,0.0,0.0,0.0,0.0,0.0,0.0,0.0,0.0,0.0,0.0,0.0,0.0,0.0,0.0
"Srinagar, JK",168.0,,,,,,,41.49,58.76,46.97,40.4,37.35,39.38,12.99,12.73,12.1,11.36,4.89,4.0,2.72,1.92,3.86,4.74,5.02,8.36,8.36
"Subarnapur, OR",0.0,,,,,,,,,,,,,,,,,,,,,,,,,
"Sukma, CT",0.0,,,,,,,,,,,,,,,,,,,,,,,,,
"Sultanpur, UP",28.0,,,,,,,,,,,,,,,,,,,,,,53.38,36.05,28.4,13.84
"Sundargarh, OR",27.0,,,,,,,,20.0,0.0,0.0,2.5,4.72,6.72,8.54,10.21,13.86,16.34,18.15,19.54,19.25,13.74,11.53,9.95,6.75,5.37
"Supaul, BR",25.0,,,,,,,,,,,,,,,,,,,,,,,76.67,16.67,16.67
"Surajpur, CT",7.0,,,,,,,,,,,,,,,,,,,,,,,,,
"Surat, GJ",1156.0,,,,32.19,33.27,20.2,15.4,11.51,11.92,9.39,9.17,8.57,9.71,8.61,8.61,9.3,8.08,6.63,6.2,5.31,4.57,4.91,5.13,5.23,5.47
"Surendranagar, GJ",10.0,,,,,,,,,,,,,,,,,,,,,,,,,
"Surguja, CT",1.0,,,,,,,,,,,,,,,,,,,,,,,,,
"Suryapet, TG",83.0,,,,41.67,21.67,11.67,5.0,0.0,0.0,0.0,0.0,0.0,0.0,0.0,0.0,0.0,0.0,0.0,0.0,0.0,0.0,0.0,0.0,0.0,0.0
"Tamenglong, MN",0.0,,,,,,,,,,,,,,,,,,,,,,,,,
"Tapi, GJ",3.0,,,,,,,,,,,,,,,,,,,,,,,,,
"Tarn Taran, PB",155.0,,,,,,,,,,29.58,52.31,54.09,61.7,61.2,59.63,17.33,13.1,3.12,1.54,1.24,0.95,0.67,0.66,0.66,0.52
"Tawang, AR",0.0,,,,,,,,,,,,,,,,,,,,,,,,,
"Tehri Garhwal, UT",0.0,,,,,,,,,,,,,,,,,,,,,,,,,
"Tengnoupal, MN",0.0,,,,,,,,,,,,,,,,,,,,,,,,,
"Tenkasi, TN",72.0,,,,,100.0,0.0,0.0,0.0,0.0,30.0,31.33,32.58,33.76,34.87,4.87,3.54,2.29,1.11,1.05,2.05,6.81,10.66,12.6,15.07,15.07
"Thane, MH",4402.0,,,,100.64,25.28,11.77,11.5,10.63,10.88,8.6,6.59,11.87,17.04,17.83,19.95,21.53,16.67,12.72,12.27,11.04,10.17,10.91,10.31,9.58,7.66
"Thanjavur, TN",75.0,,,,0.0,0.0,0.0,0.0,0.0,0.0,0.0,20.0,30.0,43.33,47.33,50.67,33.52,26.02,14.91,12.91,11.4,10.21,9.25,7.02,5.02,3.21
"The Dangs, GJ",0.0,,,,,,,,,,,,,,,,,,,,,,,,,
"The Nilgiris, TN",0.0,,,,,,,,,,,,,,,,,,,,,,,,,
"Theni, TN",89.0,,,,,,,,,,,,,,,,,51.8,24.88,27.55,21.88,19.14,16.27,14.68,9.39,9.04
"Thiruvallur, TN",571.0,,,,41.39,23.39,15.21,18.54,24.93,24.25,28.67,37.67,39.6,44.55,52.76,48.6,41.47,35.97,23.47,14.91,13.3,9.87,3.87,3.27,2.85,2.5
"Thiruvananthapuram, KL",20.0,,,,,,,,,,,,,,,,,,,,,,,,,
"Thiruvarur, TN",32.0,,,,,,,,,,,,,,,,20.0,0.0,0.0,0.0,0.0,0.0,0.0,0.0,0.0,0.0
"Thoothukudi, TN",90.0,,,,,,,,,,,,,,,,,,40.0,46.67,61.67,87.38,97.38,68.21,69.66,56.96
"Thoubal, MN",0.0,,,,,,,,,,,,,,,,,,,,,,,,,
"Thrissur, KL",25.0,,,,,,,,,,,,,,,,,,,,,,,,,
"Tikamgarh, MP",6.0,,,,,,,,,,,,,,,,,,,,,,,,,
"Tinsukia, AS",0.0,,,,,,,,,,,,,,,,,,,,,,,,,
"Tirap, AR",0.0,,,,,,,,,,,,,,,,,,,,,,,,,
"Tiruchirappalli, TN",68.0,,,,,,,,,,,,,,,,72.86,52.86,2.86,0.0,0.0,0.0,0.0,0.0,0.0,0.0
"Tirunelveli, TN",227.0,,,,,,,,,,,,,,,,,115.01,55.72,39.17,26.08,21.92,33.93,35.87,34.3,27.74
"Tirupathur, TN",29.0,,,,,,,,,,,,,,,,63.22,43.22,23.22,18.22,2.22,0.0,0.0,0.0,0.0,0.0
"Tiruppur, TN",114.0,,,,,30.0,10.0,0.0,0.0,0.0,0.0,0.0,0.0,0.0,0.0,0.0,0.0,0.0,0.0,0.0,0.0,0.0,0.0,0.0,0.0,0.0
"Tiruvannamalai, TN",154.0,,,,30.0,10.0,0.0,0.0,0.0,0.0,73.33,74.76,76.1,97.35,104.01,37.5,36.41,35.41,18.42,17.97,12.8,13.03,14.0,10.26,4.72,3.07
"Tonk, RJ",154.0,,,,57.67,39.89,31.89,25.22,20.22,4.22,2.0,0.0,0.0,0.0,0.0,0.0,0.0,1.82,3.48,5.02,5.74,6.43,5.28,4.9,4.57,6.72
"Tuensang, NL",0.0,,,,,,,,,,,,,,,,,,,,,,,,,
"Tumakuru, KA",11.0,,,,,,,,,,,,20.0,0.0,0.0,0.0,0.0,0.0,0.0,0.0,0.0,0.0,0.0,0.0,0.0,0.0
"Udaipur, RJ",417.0,,,,,,,,30.0,43.33,35.83,35.83,35.83,35.83,133.61,138.17,144.69,152.72,157.64,29.62,27.36,23.33,15.82,11.88,9.92,5.94
"Udalguri, AS",0.0,,,,,,,,,,,,,,,,,,,,,,,,,
"Udham Singh Nagar, UT",23.0,,,,,,,,,,,,,,,,,,,,17.69,21.58,23.73,22.75,22.0,21.41
"Udhampur, JK",28.0,,,,,,,,,,,,,,,,,20.0,0.0,0.0,0.0,10.0,16.67,21.67,25.67,32.33
"Udupi, KA",15.0,,,,,,,,,,,,,,,,,,,,,,,,,
"Ujjain, MP",362.0,,,,21.18,7.3,9.53,10.42,13.02,16.96,17.12,16.5,18.07,14.4,10.82,10.16,8.89,7.72,6.82,5.69,5.48,5.32,3.66,3.24,3.6,4.17
"Ukhrul, MN",0.0,,,,,,,,,,,,,,,,,,,,,,,,,
"Umaria, MP",1.0,,,,,,,,,,,,,,,,,,,,,,,,,
"Una, HP",18.0,,,,,,,,,,,,,,,,,,,,,,,,,
"Unnao, UP",6.0,,,,,,,,,,,,,0.0,0.0,0.0,20.0,20.0,20.0,20.0,20.0,0.0,0.0,0.0,0.0,0.0
"Unokoti, TR",0.0,,,,,,,,,,,,,,,,,,,,,,,,,
"Upper Dibang Valley, AR",0.0,,,,,,,,,,,,,,,,,,,,,,,,,
"Upper Siang, AR",0.0,,,,,,,,,,,,,,,,,,,,,,,,,
"Upper Subansiri, AR",0.0,,,,,,,,,,,,,,,,,,,,,,,,,
"Uttar Bastar Kanker, CT",0.0,,,,,,,,,,,,,,,,,,,,,,,,,
"Uttar Dinajpur, WB",13.0,,,,,,,,,,,,,,,,,,,,,,,,,56.67
"Uttara Kannada, KA",55.0,,,,,,,,,,,,,,,,,46.09,27.76,19.3,11.36,6.88,5.94,5.1,7.16,7.57
"Uttarkashi, UT",2.0,,,,,,,,,,,,,,,,,,,,,,,,,
"Vadodara, GJ",700.0,,,,36.96,33.34,30.14,31.19,29.98,24.88,23.42,19.55,16.49,14.87,12.75,10.0,9.5,9.74,9.55,8.38,6.88,5.88,4.93,4.31,4.3,4.39
"Vaishali, BR",15.0,,,,,,,,,,,,,,,,,,,,,,,,,
"Valsad, GJ",15.0,,,,,0.0,0.0,0.0,0.0,0.0,0.0,0.0,0.0,0.0,0.0,0.0,0.0,0.0,0.0,0.0,0.0,0.0,0.0,20.0,80.0,80.0
"Varanasi, UP",117.0,,,,45.67,29.0,21.86,16.26,12.28,9.25,8.07,7.15,8.36,8.94,9.44,8.07,6.32,4.6,3.19,2.26,1.82,2.15,1.76,1.74,2.69,3.42
"Vellore, TN",35.0,,,,,,,,,,,,,,,,,,30.0,30.0,30.0,30.0,10.0,0.0,0.0,0.0
"Vidisha, MP",15.0,,,,,,,,,,,,,,,,,,,,,,,,,
"Vijayapura, KA",60.0,,,,,29.0,21.86,17.69,17.13,16.77,16.51,16.32,16.18,12.79,10.15,8.02,7.18,6.49,6.98,7.4,7.12,5.95,4.9,3.97,5.48,5.33
"Vikarabad, TG",37.0,,,,,,,,,,,,,,,,,,,,,,,,,
"Viluppuram, TN",312.0,,,,62.02,44.25,36.25,11.4,11.87,56.52,75.15,78.35,77.36,81.17,36.48,22.61,17.87,17.12,10.05,8.12,1.14,0.68,0.6,0.6,0.15,0.15
"Virudhunagar, TN",55.0,,,,,86.67,46.67,0.0,0.0,0.0,0.0,2.0,2.0,2.0,2.0,3.82,3.48,5.02,10.74,10.74,8.92,7.25,6.83,5.32,7.93,8.7
"Visakhapatnam, AP",76.0,,,,,,,,,,,52.33,35.19,23.94,28.51,27.45,24.63,23.27,14.52,4.95,2.01,1.5,1.86,3.14,3.54,3.54
"Vizianagaram, AP",8.0,,,,,,,,,,,,,,,,,,,,,,,,,
"Wanaparthy, TG",0.0,,,,,,,,,,,,,,,,,,,,,,,,,
"Warangal Rural, TG",0.0,,,,,,,,,,,,,,,,,,,,,,,,,
"Warangal Urban, TG",27.0,,,,,,,20.0,0.0,0.0,0.0,0.0,0.0,0.0,0.0,0.0,0.0,0.0,0.0,0.0,0.0,0.0,0.0,0.0,0.0,0.0
"Wardha, MH",3.0,,,,,,,,,,,,,,,,,,,,,,,,,
"Washim, MH",3.0,,,,,,,,,,,,,,,,,,,,,,,,0.0,0.0
"Wayanad, KL",21.0,,,,,,,,,,,,,,30.0,10.0,0.0,6.67,11.67,15.67,25.67,36.78,30.11,25.11,21.11,11.11
"West Champaran, BR",25.0,,,,,,,,,,,,,,,0.0,0.0,0.0,0.0,0.0,0.0,0.0,0.0,0.0,0.0,0.0
"West District, SK",0.0,,,,,,,,,,,,,,,,,,,,,,,,,
"West Garo Hills, ML",0.0,,,,,,,,,,,,,,,,,,,,,,,,,
"West Godavari, AP",72.0,,,,,,,,43.0,23.0,13.0,6.33,1.33,0.0,0.0,0.0,0.0,0.0,0.0,0.0,0.0,3.75,6.91,9.64,12.04,12.04
"West Jaintia Hills, ML",0.0,,,,,,,,,,,,,,,,,,,,,,,,,
"West Kameng, AR",0.0,,,,,,,,,,,,,,,,,,,,,,,,,
"West Karbi Anglong, AS",0.0,,,,,,,,,,,,,,,,,,,,,,,,,
"West Khasi Hills, ML",0.0,,,,,,,,,,,,,,,,,,,,,,,,,
"West Siang, AR",0.0,,,,,,,,,,,,,,,,,,,,,,,,,
"West Singhbhum, JH",1.0,,,,,,,,,,,,,,,,,,,,,,,,,
"West Tripura, TR",0.0,,,,,,,,,,,,,,,,,,,,,,,,,
"Wokha, NL",0.0,,,,,,,,,,,,,,,,,,,,,,,,,
"Y.S.R., AP",104.0,,,,48.08,34.23,28.94,24.65,24.65,24.65,24.65,21.69,18.75,16.59,12.44,7.27,6.31,5.62,1.62,1.07,0.53,1.03,1.51,2.47,3.37,3.37
"Yadadri Bhuvanagiri, TG",0.0,,,,,,,,,,,,,,,,,,,,,,,,,
"Yadgir, KA",11.0,,,,,,,,,,,,,,,,,,,,,,,,,
"Yamunanagar, HR",8.0,,,,,,,,,,,,,,30.0,10.0,0.0,0.0,0.0,0.0,0.0,0.0,0.0,0.0,0.0,0.0
"Yanam, PY",0.0,,,,,,,,,,,,,,,,,,,,,,,,,
"Yavatmal, MH",100.0,,,,99.63,84.97,74.97,8.3,6.76,5.33,0.0,0.0,1.05,2.05,3.01,3.91,4.78,4.15,3.56,3.0,2.09,1.22,0.81,0.4,0.0,0.0
"Zunheboto, NL",0.0,,,,,,,,,,,,,,,,,,,,,,,,,
